Estado,Municipio,ADM2_PCODE,Fecha_pred,Pred_mm,Media_hist_mm,Diff_pct,SPI_like,Alerta
Anzoátegui,Anaco,VE0301,2025-06-21,103.44791172169504,40.995733333333334,152.3382393981529,31.53098096348499,Lluvia extrema
Anzoátegui,Anaco,VE0317,2025-06-21,103.5417568488578,45.63173333333334,126.90734996301796,24.570496355810043,Lluvia extrema
Anzoátegui,Aragua,VE0302,2025-06-21,101.10073809394234,47.5957,112.41569741372086,19.01680449556906,Lluvia extrema
Anzoátegui,Bolívar,VE0318,2025-06-21,105.90147826041397,40.4748,161.64793466654305,36.876229292712786,Lluvia extrema
Anzoátegui,Bruzual,VE0312,2025-06-21,101.39173023024748,44.97603333333333,125.43502108955987,28.145902003398884,Lluvia extrema
Anzoátegui,Cajigal,VE0309,2025-06-21,100.32300198106526,49.87776666666667,101.13771863829491,29.61119145782995,Lluvia extrema
Anzoátegui,Carvajal,VE0304,2025-06-21,105.84656611069342,45.06946666666666,134.85204937864827,114.20078129956703,Lluvia extrema
Anzoátegui,FernandodePeñalver,VE0303,2025-06-21,100.49988283130932,37.218666666666664,170.02547869700507,33.30621715371656,Lluvia extrema
Anzoátegui,Freites,VE0313,2025-06-21,104.62548462430084,47.5858,119.86702887058922,20.68165192612093,Lluvia extrema
Anzoátegui,GeneralSirArthurMcGregor,VE0320,2025-06-21,95.43026707973284,53.329366666666665,78.9450598133227,15.234519149661995,Lluvia extrema
Anzoátegui,Guanipa,VE0315,2025-06-21,102.39124259618622,55.3249,85.07262118175761,14.665256033285285,Lluvia extrema
Anzoátegui,Guanta,VE0306,2025-06-21,96.20101495997672,28.711133333333333,235.06519524357583,48.90180543246716,Lluvia extrema
Anzoátegui,Independencia,VE0307,2025-06-21,93.11033502851132,54.936099999999996,69.48843297669715,9.103961351845733,Lluvia extrema
Anzoátegui,Libertad,VE0311,2025-06-21,101.1409010944228,38.4,163.38776326672607,31.529958579897684,Lluvia extrema
Anzoátegui,Miranda,VE0305,2025-06-21,96.32563872662232,56.381233333333334,70.8469876086824,12.057099532240908,Lluvia extrema
Anzoátegui,Monagas,VE0310,2025-06-21,103.3324249796504,63.92819999999999,61.63825194460412,6.6006584006025895,Lluvia extrema
Anzoátegui,Píritu,VE0314,2025-06-21,102.02821682738151,40.657133333333334,150.94788653909404,24.411187465123383,Lluvia extrema
Anzoátegui,SanJuandeCapistrano,VE0316,2025-06-21,95.99921045969865,39.70003333333333,141.81141021636083,26.3792739032908,Lluvia extrema
Anzoátegui,SimónRodríguez,VE0319,2025-06-21,107.06745652740034,51.213633333333334,109.06045823878995,17.94672634745488,Lluvia extrema
Anzoátegui,Sotillo,VE0308,2025-06-21,97.81924233584974,38.46666666666667,154.29612392335287,42.66544878601993,Lluvia extrema
Apure,Muñoz,VE0403,2025-06-21,119.42011570399887,104.24556666666666,14.55654136914428,2.3530554765775955,Lluvia extrema
Aragua,Bolívar,VE0501,2025-06-21,94.76245677756935,42.32223333333334,123.90703257839105,17.610432681686472,Lluvia extrema
Aragua,Camatagua,VE0502,2025-06-21,92.19391199694748,59.40253333333333,55.201986891043056,12.497382778406276,Lluvia extrema
Aragua,Girardot,VE0503,2025-06-21,95.22099010528564,41.5378,129.2393677693225,25.466861881459522,Lluvia extrema
Aragua,JoséAngelLamas,VE0504,2025-06-21,101.39788629547552,39.722199999999994,155.26754886556014,29.84054075429999,Lluvia extrema
Aragua,JoséFélixRibas,VE0505,2025-06-21,96.45927785393312,43.92776666666667,119.58611869774039,13.173670525676782,Lluvia extrema
Aragua,Libertador,VE0507,2025-06-21,104.40890730770448,40.8,155.90418457770707,27.146990926160083,Lluvia extrema
Aragua,MarioBriceñoIragorry,VE0508,2025-06-21,92.71147112240192,39.311099999999996,135.8404397801179,22.340286808102018,Lluvia extrema
Aragua,SanCasimiro,VE0509,2025-06-21,93.78827755135296,60.292566666666666,55.555291035909285,12.00706153687984,Lluvia extrema
Aragua,SanSebastián,VE0510,2025-06-21,96.9096539491884,56.489700000000006,71.55278563913136,10.497252916648993,Lluvia extrema
Aragua,SantiagoMariño,VE0511,2025-06-21,95.15809594178609,42.027766666666665,126.41720816742445,19.59640914666598,Lluvia extrema
Aragua,SantosMichelena,VE0512,2025-06-21,95.45148961497772,53.725,77.66680244760859,7.913797836378922,Lluvia extrema
Aragua,Sucre,VE0513,2025-06-21,98.99317921754924,41.281466666666674,139.8005381370879,20.148849264279377,Lluvia extrema
Aragua,Tovar,VE0514,2025-06-21,96.71655958535082,41.01976666666666,135.78037479170814,16.688933242826334,Lluvia extrema
Aragua,Urdaneta,VE0515,2025-06-21,95.17834127117838,62.09473333333334,53.279249562515304,13.934513084710169,Lluvia extrema
Aragua,Zamora,VE0516,2025-06-21,106.28961797136752,45.899499999999996,131.57031769707194,22.297760069266104,Lluvia extrema
Barinas,AlbertoArveloTorrealba,VE0601,2025-06-21,104.70308276525172,80.168,30.604583830520546,10.261976835730959,Lluvia extrema
Barinas,AntonioJosédeSucre,VE0602,2025-06-21,99.11613722881808,89.13393333333333,11.199106246275917,2.5164258956189913,Lluvia extrema
Barinas,Arismendi,VE0603,2025-06-21,106.09117378774712,100.53776666666667,5.523702490321668,1.757945817662551,Lluvia extrema
Barinas,Barinas,VE0604,2025-06-21,110.05129878462844,86.48186666666666,27.253611683484074,5.7507511052322675,Lluvia extrema
Barinas,Bolívar,VE0605,2025-06-21,97.44276488347953,82.04936666666666,18.76114203215,8.349448185009457,Lluvia extrema
Barinas,CruzParedes,VE0606,2025-06-21,102.2730616608562,79.04896666666667,29.379378344211364,16.431950234961707,Lluvia extrema
Barinas,Obispos,VE0608,2025-06-21,109.87322691307398,90.4124,21.52451092225621,4.485933132570188,Lluvia extrema
Barinas,Pedraza,VE0609,2025-06-21,104.17784595417876,97.70576666666668,6.624050461209987,1.458191466294592,Lluvia extrema
Barinas,Rojas,VE0610,2025-06-21,111.46306095219956,90.60586666666666,23.01969513990216,5.309482523059269,Lluvia extrema
Barinas,Sosa,VE0611,2025-06-21,115.19801211072952,93.89890000000001,22.683026223661308,4.092423503523515,Lluvia extrema
Bolívar,Angostura,VE0705,2025-06-21,98.0904540481537,58.37546666666667,68.03369574459425,10.440696023781594,Lluvia extrema
Bolívar,Caroní,VE0701,2025-06-21,92.41636259394176,56.106966666666665,64.71459443350486,8.303495641768004,Lluvia extrema
Bolívar,ElCallao,VE0703,2025-06-21,102.15484036365304,77.0094,32.65242991589733,7.581936390632828,Lluvia extrema
Bolívar,PadrePedroChien,VE0711,2025-06-21,90.51608887177304,61.85750000000001,46.33001474643014,8.104880909435536,Lluvia extrema
Bolívar,Piar,VE0706,2025-06-21,100.94845606808686,80.55073333333334,25.322826857881097,5.062271266537516,Lluvia extrema
Bolívar,Roscio,VE0708,2025-06-21,103.03291533782304,85.51853333333334,20.48021793851668,4.332482935138377,Lluvia extrema
Carabobo,Bejuma,VE0801,2025-06-21,97.64513387478296,45.150600000000004,116.26541812242351,48.87432244805556,Lluvia extrema
Carabobo,CarlosArevalo,VE0802,2025-06-21,103.54300355807791,51.9,99.50482381132547,25.405792594077727,Lluvia extrema
Carabobo,DiegoIbarra,VE0803,2025-06-21,95.51177530187684,40.9278,133.36650223534332,28.932307558670892,Lluvia extrema
Carabobo,Guacara,VE0804,2025-06-21,99.90745838916476,45.33776666666667,120.36254922679935,41.85881628902038,Lluvia extrema
Carabobo,JuanJoséMora,VE0805,2025-06-21,99.0901564886847,35.73393333333333,177.29988625755732,75.37579215047657,Lluvia extrema
Carabobo,Libertador,VE0806,2025-06-21,97.7219223772814,57.48126666666667,70.00655699529017,24.898744089011064,Lluvia extrema
Carabobo,LosGuayos,VE0807,2025-06-21,101.19788092714286,48.0278,110.70688419445167,32.06901134250938,Lluvia extrema
Carabobo,Miranda,VE0808,2025-06-21,97.8408287148737,52.144466666666666,87.63415366834774,30.808053120735824,Lluvia extrema
Carabobo,Montalbán,VE0809,2025-06-21,96.813761840864,45.461099999999995,112.95956728029901,80.13392674673604,Lluvia extrema
Carabobo,Naguanagua,VE0810,2025-06-21,99.5013366089858,45.235200000000006,119.96440075203775,59.432078890078444,Lluvia extrema
Carabobo,PuertoCabello,VE0811,2025-06-21,97.7036963445368,35.06276666666667,178.65369916008754,82.50665596375866,Lluvia extrema
Carabobo,SanDiego,VE0812,2025-06-21,100.97712925245034,45.672200000000004,121.09101215279827,42.22688390944212,Lluvia extrema
Carabobo,SanJoaquín,VE0813,2025-06-21,97.81430630743492,43.6022,124.3334196610146,31.419002457871837,Lluvia extrema
Carabobo,Valencia,VE0814,2025-06-21,100.47144351593234,58.9,70.57970036660838,25.430158424580362,Lluvia extrema
Cojedes,Anzoátegui,VE0901,2025-06-21,102.49359808075502,76.60683333333334,33.791717554467525,7.186490017223728,Lluvia extrema
Cojedes,EzequielZomora,VE0908,2025-06-21,101.18733470681892,77.13596666666666,31.18048438296911,8.887914881328417,Lluvia extrema
Cojedes,Girardot,VE0903,2025-06-21,107.063971008371,87.96223333333333,21.715839799850848,6.3370815806876815,Lluvia extrema
Cojedes,LimaBlanco,VE0904,2025-06-21,104.0500955682417,76.02443333333332,36.86401990269144,10.207847533239875,Lluvia extrema
Cojedes,PaodeSanJuanBautista,VE0905,2025-06-21,106.50460525922428,72.11226666666667,47.69277153848667,33.01793454584618,Lluvia extrema
Cojedes,Ricaurte,VE0906,2025-06-21,109.8240681405535,78.81333333333335,39.347066664549345,12.850720740605347,Lluvia extrema
Cojedes,RomuloGallegos,VE0907,2025-06-21,107.66979911606325,74.77296666666666,43.99562290479748,13.669060814250587,Lluvia extrema
Cojedes,Tinaco,VE0909,2025-06-21,106.7914921206385,73.00436666666667,46.28096509383022,13.475319973021797,Lluvia extrema
DeltaAmacuro,Casacoima,VE1002,2025-06-21,92.88053629938578,70.81049999999999,31.167745319388786,3.464187240431187,Lluvia extrema
DeltaAmacuro,Pedernales,VE1003,2025-06-21,106.25425526803132,78.04003333333334,36.153523684678895,3.647063359918115,Lluvia extrema
DeltaAmacuro,Tucupita,VE1004,2025-06-21,102.09062654941664,80.72006666666667,26.474903658094895,3.4975367250572313,Lluvia extrema
DistritoCapital,Libertador,VE0101,2025-06-21,96.36248350843098,35.28333333333333,173.11048703381482,18.408204909135883,Lluvia extrema
Falcón,Acosta,VE1101,2025-06-21,84.04944881318004,25.025566666666666,235.8543282263873,68.62017414490441,Lluvia extrema
Falcón,Bolívar,VE1102,2025-06-21,82.04550303291285,23.85696666666667,243.90584594959478,27.247819712235902,Lluvia extrema
Falcón,Buchivacoa,VE1103,2025-06-21,94.42660264836572,25.4893,270.45584872227056,117.53596747159538,Lluvia extrema
Falcón,CaciqueManaure,VE1104,2025-06-21,86.30455925605499,46.46826666666667,85.72795037772367,75.17512494737949,Lluvia extrema
Falcón,Carirubana,VE1105,2025-06-21,109.39802132847946,3.3296666666666668,3185.554750079471,183.25928427907965,Lluvia extrema
Falcón,Colina,VE1106,2025-06-21,85.14416934628002,23.31886666666667,265.12996348999246,20.718197885577634,Lluvia extrema
Falcón,Dabajuro,VE1107,2025-06-21,98.10830739861304,37.23483333333333,163.48528680208867,50.69900906522907,Lluvia extrema
Falcón,Democracia,VE1108,2025-06-21,93.36598844214,23.7295,293.4595690686276,104.12486332585766,Lluvia extrema
Falcón,Falcón,VE1109,2025-06-21,116.126256329501,4.7354666666666665,2352.266365782345,213.73952487256858,Lluvia extrema
Falcón,Federación,VE1110,2025-06-21,85.97647071458853,24.043033333333334,257.5941085411652,33.267956325792426,Lluvia extrema
Falcón,Jacura,VE1111,2025-06-21,84.6919741859237,43.2643,95.75486991797787,18.5822646207127,Lluvia extrema
Falcón,Mauroa,VE1113,2025-06-21,98.5767394035734,31.679733333333335,211.16656938475933,83.53360959539586,Lluvia extrema
Falcón,Miranda,VE1114,2025-06-21,90.98706119916712,11.341966666666668,702.2159108135313,72.62108548159884,Lluvia extrema
Falcón,MonseñorIturriza,VE1115,2025-06-21,89.77404894046848,42.980066666666666,108.87368471695052,51.84149926706441,Lluvia extrema
Falcón,PalmaSola,VE1116,2025-06-21,93.86479844568233,42.05063333333334,123.21851302837845,33.29109817065421,Lluvia extrema
Falcón,Petit,VE1117,2025-06-21,84.51464913413926,34.224399999999996,146.94267579311622,17.291035375025963,Lluvia extrema
Falcón,Píritu,VE1118,2025-06-21,88.75299470148549,25.7743,244.34686762195477,29.92524388976656,Lluvia extrema
Falcón,SanFrancisco,VE1119,2025-06-21,80.39982169315697,40.899,96.58138754775658,33.82623970379908,Lluvia extrema
Falcón,Silva,VE1120,2025-06-21,95.38102277273548,38.122233333333334,150.19788829983415,70.37065789026981,Lluvia extrema
Falcón,Sucre,VE1121,2025-06-21,87.7116995186198,13.110266666666666,569.0306288096336,91.57867014371217,Lluvia extrema
Falcón,Tocópero,VE1122,2025-06-21,102.5593547042504,22.42223333333333,357.40026508324513,22.84259066054768,Lluvia extrema
Falcón,Unión,VE1123,2025-06-21,90.9325005883137,38.896033333333335,133.7834807190631,19.022612797280676,Lluvia extrema
Falcón,Urumaco,VE1124,2025-06-21,83.63446273622229,19.030933333333333,339.4659014948765,92.97863062992988,Lluvia extrema
Falcón,Zamora,VE1125,2025-06-21,82.18690294706126,27.38596666666667,200.10590441233742,14.776784828466274,Lluvia extrema
Guárico,Camaguán,VE1201,2025-06-21,102.164954063568,89.83736666666667,13.722115701188928,3.4565918201792845,Lluvia extrema
Guárico,Chaguaramas,VE1202,2025-06-21,91.80945848835162,51.00873333333333,79.98772462823678,44.55779314587636,Lluvia extrema
Guárico,ElSocorro,VE1203,2025-06-21,93.65993749326836,56.097633333333334,66.95880365707946,9.278315310828981,Lluvia extrema
Guárico,Infante,VE1205,2025-06-21,96.38968837570448,57.79443333333333,66.78022919572615,8.676477243262985,Lluvia extrema
Guárico,LasMercedes,VE1206,2025-06-21,97.33786349909812,66.58193333333332,46.19260605093794,7.273212707369303,Lluvia extrema
Guárico,Mellado,VE1207,2025-06-21,100.3960316170502,62.24539999999999,61.290684318921905,14.61299700426766,Lluvia extrema
Guárico,Miranda,VE1208,2025-06-21,100.41007268963853,76.59013333333333,31.100532561598712,9.278504676134899,Lluvia extrema
Guárico,Monagas,VE1209,2025-06-21,94.18751073006626,54.6654,72.2982192210544,28.89161977058815,Lluvia extrema
Guárico,Ortíz,VE1210,2025-06-21,105.36848619566416,64.48576666666666,63.3980514495925,17.70689288714621,Lluvia extrema
Guárico,Ribas,VE1211,2025-06-21,94.36218569929406,52.426433333333335,79.98971072345958,24.39375670924709,Lluvia extrema
Guárico,Roscio,VE1212,2025-06-21,101.11958173831908,61.57533333333333,64.22092462076657,10.233715823409444,Lluvia extrema
Guárico,SanGerónimodeGuayabal,VE1204,2025-06-21,103.55647559433224,88.61126666666667,16.86603689335093,2.2777540247084684,Lluvia extrema
Guárico,Zaraza,VE1215,2025-06-21,92.8159492254738,50.257799999999996,84.67968996946506,15.219786711543568,Lluvia extrema
Lara,AndrésEloyBlanco,VE1301,2025-06-21,98.58576023518047,68.08376666666666,44.80068460055894,8.850084614886727,Lluvia extrema
Lara,Crespo,VE1302,2025-06-21,90.44138964767836,36.4495,148.12792945768354,29.369803340315535,Lluvia extrema
Lara,Iribarren,VE1303,2025-06-21,85.07432859636786,28.128933333333332,202.44420429392224,43.74881999298712,Lluvia extrema
Lara,Jiménez,VE1304,2025-06-21,89.88800200153344,25.76953333333333,248.81501670525705,69.73329878472968,Lluvia extrema
Lara,Morán,VE1305,2025-06-21,103.39452783612238,50.5695,104.46025338617622,33.3758774537151,Lluvia extrema
Lara,Palavecino,VE1306,2025-06-21,87.08484105458628,55.4125,57.15739418829015,10.111230652449617,Lluvia extrema
Lara,SimónPlanas,VE1307,2025-06-21,91.9582348213626,74.3218,23.72982734724213,4.609214701692488,Lluvia extrema
Lara,Torres,VE1308,2025-06-21,94.25604533756476,19.979699999999998,371.7590621358918,53.196173189172804,Lluvia extrema
Lara,Urdaneta,VE1309,2025-06-21,90.3199847592655,24.630266666666664,266.70323542010175,50.08165932167668,Lluvia extrema
Miranda,Acevedo,VE1501,2025-06-21,99.13373530716322,67.4589,46.9542718709662,15.116575690908876,Lluvia extrema
Miranda,AndrésBello,VE1502,2025-06-21,97.08608624577838,53.30743333333333,82.12485609407516,38.73637849856957,Lluvia extrema
Miranda,Baruta,VE1503,2025-06-21,99.4900615346044,44.27036666666667,124.73286088573407,13.111895997659145,Lluvia extrema
Miranda,Brión,VE1504,2025-06-21,107.47324960663607,48.877766666666666,119.88167000259028,33.26483978692863,Lluvia extrema
Miranda,Buroz,VE1505,2025-06-21,100.45712156649304,55.3889,81.36688319589854,30.0569416981054,Lluvia extrema
Miranda,Carrizal,VE1506,2025-06-21,96.98242738145348,48.13333333333333,101.48703749609447,11.850063674641206,Lluvia extrema
Miranda,CristóbalRojas,VE1508,2025-06-21,102.0707849159734,54.0178,88.95768601456076,13.368176408895884,Lluvia extrema
Miranda,ElHatillo,VE1509,2025-06-21,107.03135811031753,51.068900000000006,109.58226652682457,16.182220933153484,Lluvia extrema
Miranda,Guaicaipuro,VE1510,2025-06-21,95.55508039182769,52.3881,82.39844619642186,9.591901141810565,Lluvia extrema
Miranda,Independencia,VE1511,2025-06-21,94.1762212712903,65.84546666666665,43.026127748542024,11.417563443086793,Lluvia extrema
Miranda,Lander,VE1512,2025-06-21,93.2903151601962,61.418933333333335,51.8917866155217,11.240405422832248,Lluvia extrema
Miranda,LosSalias,VE1513,2025-06-21,100.7179874177476,47.22776666666667,113.26011057989386,12.434621547401939,Lluvia extrema
Miranda,PazCastillo,VE1515,2025-06-21,107.14964638687104,58.776066666666665,82.30149185474198,15.214672181329338,Lluvia extrema
Miranda,PedroGual,VE1516,2025-06-21,96.8390756888343,44.423833333333334,117.9890127045189,28.744149367860125,Lluvia extrema
Miranda,Plaza,VE1517,2025-06-21,117.43271574853463,48.10183333333334,144.13355502430878,30.544783716801973,Lluvia extrema
Miranda,Páez,VE1514,2025-06-21,93.1277963434072,51.8997,79.43802438820879,30.424431671175768,Lluvia extrema
Miranda,SimónBolívar,VE1518,2025-06-21,98.47819511389146,59.22776666666667,66.27031653603595,12.785377862532703,Lluvia extrema
Miranda,Sucre,VE1519,2025-06-21,109.79191685514571,43.0127,155.25465003393347,24.858342167334946,Lluvia extrema
Miranda,Urdaneta,VE1520,2025-06-21,95.93308070984376,60.93113333333333,57.445094915643196,9.165435924381383,Lluvia extrema
Miranda,Zamora,VE1521,2025-06-21,110.88412634913831,53.81373333333333,106.05172598284388,26.397102265533395,Lluvia extrema
Monagas,Acosta,VE1601,2025-06-21,103.1037592853838,44.073499999999996,133.93594628378463,51.201152074209524,Lluvia extrema
Monagas,Aguasay,VE1602,2025-06-21,105.62915850273151,56.193733333333334,87.97319956685237,9.842176164731915,Lluvia extrema
Monagas,Bolívar,VE1603,2025-06-21,99.92311567058864,74.15186666666666,34.754686783234924,6.8622696136033365,Lluvia extrema
Monagas,Caripe,VE1604,2025-06-21,106.50029191089412,55.5587,91.6896758039589,24.909500252142166,Lluvia extrema
Monagas,Cedeño,VE1605,2025-06-21,100.32241936573485,48.92223333333333,105.06508499353366,19.77928729613972,Lluvia extrema
Monagas,EzequielZamora,VE1606,2025-06-21,94.98239026458148,52.337633333333336,81.4801018220442,10.916150862028061,Lluvia extrema
Monagas,Libertador,VE1607,2025-06-21,90.2566072372458,54.169133333333335,66.61999497360576,6.098799097090873,Lluvia extrema
Monagas,Maturín,VE1608,2025-06-21,98.79265277585635,62.44736666666667,58.20147117362785,5.614419483672413,Lluvia extrema
Monagas,Piar,VE1609,2025-06-21,102.86794428318588,55.9305,83.92101676757025,12.184511099045269,Lluvia extrema
Monagas,Punceres,VE1610,2025-06-21,94.40162221153496,68.42630000000001,37.96102114469866,5.930237888720584,Lluvia extrema
Monagas,Sotillo,VE1612,2025-06-21,89.5794008119043,64.09373333333333,39.763119033848824,3.826637239050172,Lluvia extrema
Monagas,Uracoa,VE1613,2025-06-21,89.8442897013648,59.911699999999996,49.96117569917863,5.126556056613373,Lluvia extrema
Mérida,AlbertoAdriani,VE1401,2025-06-21,96.79755562984882,41.575,132.82635148490394,24.972475138249585,Lluvia extrema
Mérida,AndrésBello,VE1402,2025-06-21,92.00567101309714,38.7361,137.51919014329562,26.231528368265284,Lluvia extrema
Mérida,AntonioPintoSalinas,VE1403,2025-06-21,96.1819373879803,31.466666666666665,205.66293661434418,46.6877003303357,Lluvia extrema
Mérida,Aricagua,VE1404,2025-06-21,94.9437105434897,77.95773333333334,21.78870072777432,3.787207191269439,Lluvia extrema
Mérida,ArzobispoChacón,VE1405,2025-06-21,93.16754445478884,64.16123333333333,45.20846875053136,9.499094371107129,Lluvia extrema
Mérida,CampoElías,VE1406,2025-06-21,96.7822507903983,37.765633333333334,156.27069440663854,26.976664518338016,Lluvia extrema
Mérida,CaraccioloParraOlmedo,VE1407,2025-06-21,100.48099144410897,39.064800000000005,157.21619320746288,22.491234600433803,Lluvia extrema
Mérida,CardenalQuintero,VE1408,2025-06-21,95.32023269791004,52.581133333333334,81.28219506726123,33.33125714421922,Lluvia extrema
Mérida,Guaraque,VE1409,2025-06-21,87.38124632515255,37.51943333333333,132.89596500254325,30.84362787067089,Lluvia extrema
Mérida,JulioCésarSalas,VE1410,2025-06-21,102.73566745907964,33.53333333333333,206.3687896394025,64.86766318477363,Lluvia extrema
Mérida,JustoBriceño,VE1411,2025-06-21,97.99081796424582,36.71176666666666,166.91937452636668,30.429218763052827,Lluvia extrema
Mérida,Libertador,VE1412,2025-06-21,96.1438130737942,52.1688,84.29370250761798,19.09800545254454,Lluvia extrema
Mérida,Miranda,VE1413,2025-06-21,99.22083757467952,30.847433333333335,221.65022127614998,57.20907741660888,Lluvia extrema
Mérida,ObispoRamosdeLora,VE1414,2025-06-21,94.431401251908,36.6926,157.3581628227708,26.3217680643164,Lluvia extrema
Mérida,PuebloLlano,VE1416,2025-06-21,91.96079068166914,39.6185,132.11578096512775,114.47562548475022,Lluvia extrema
Mérida,Rangel,VE1417,2025-06-21,98.27872825355544,39.606399999999994,148.13850350841142,72.52466732669667,Lluvia extrema
Mérida,RivasDavila,VE1418,2025-06-21,88.53614668023519,27.564433333333334,221.19704987067342,72.68909995195763,Lluvia extrema
Mérida,SantosMarquina,VE1419,2025-06-21,99.93537218796344,58.525,70.75672308921561,28.562294218237593,Lluvia extrema
Mérida,Sucre,VE1420,2025-06-21,96.60389933514868,29.4026,228.55563567558204,44.203243949339345,Lluvia extrema
Mérida,Tovar,VE1421,2025-06-21,96.34665188102908,24.307433333333332,296.3670312690181,92.83908397492891,Lluvia extrema
Mérida,TulioFebresCordero,VE1422,2025-06-21,99.27873403173218,44.22303333333333,124.49553218887937,22.0662964246715,Lluvia extrema
Mérida,Zea,VE1423,2025-06-21,98.5183456523812,30.7389,220.50055679409869,89.99622289040168,Lluvia extrema
NuevaEsparta,Arismendi,VE1702,2025-06-21,115.20245432030248,20.6778,457.1310986676651,49.20927302114772,Lluvia extrema
NuevaEsparta,Díaz,VE1703,2025-06-21,106.35001742203478,26.15553333333333,306.6061894692829,51.02286977048363,Lluvia extrema
NuevaEsparta,García,VE1704,2025-06-21,94.15709049277524,21.1,346.24213503684945,74.09420296275286,Lluvia extrema
NuevaEsparta,Gómez,VE1705,2025-06-21,115.46342630321104,24.466633333333334,371.922003857816,32.59962747990722,Lluvia extrema
NuevaEsparta,Maneiro,VE1706,2025-06-21,118.43958657429866,21.788866666666667,443.57846319511185,36.071532335067104,Lluvia extrema
NuevaEsparta,Marcano,VE1707,2025-06-21,117.91418101425734,25.888866666666665,355.4628927270822,40.90463617488849,Lluvia extrema
NuevaEsparta,Mariño,VE1708,2025-06-21,97.93646872728488,20.722233333333335,372.61541336737287,48.12589666258038,Lluvia extrema
NuevaEsparta,PeninsuladeMacanao,VE1709,2025-06-21,118.57787798270512,17.661866666666665,571.3779478728474,92.70614167768342,Lluvia extrema
NuevaEsparta,Tubores,VE1710,2025-06-21,103.27323429348836,20.084466666666668,414.1945564573369,342.68463782485753,Lluvia extrema
Portuguesa,AguaBlanca,VE1801,2025-06-21,101.17259328461076,78.20693333333332,29.365248031646086,7.571801837539005,Lluvia extrema
Portuguesa,Araure,VE1802,2025-06-21,106.69990309197648,83.8134,27.306496445647685,6.546896090817537,Lluvia extrema
Portuguesa,Esteller,VE1803,2025-06-21,110.52205482237208,98.2353,12.507474219931215,3.717952869531936,Lluvia extrema
Portuguesa,Guanare,VE1804,2025-06-21,107.10652204820502,96.0283,11.536413794896943,2.9870952267570265,Lluvia extrema
Portuguesa,Guanarito,VE1805,2025-06-21,111.29710149537787,96.42316666666667,15.425685904021542,3.1122544400174164,Lluvia extrema
Portuguesa,MonseñorJoséVicentedeUnda,VE1806,2025-06-21,103.63402144555572,72.0,43.93614089660517,15.738047499649507,Lluvia extrema
Portuguesa,Ospino,VE1807,2025-06-21,110.01646816774046,99.35573333333333,10.729863770056339,2.67741903557202,Lluvia extrema
Portuguesa,Papelón,VE1809,2025-06-21,106.04884869224172,96.74480000000001,9.617104683912423,2.0081505828798742,Lluvia extrema
Portuguesa,Páez,VE1808,2025-06-21,109.01007267893311,81.1763,34.28805289097078,6.553290302536177,Lluvia extrema
Portuguesa,SanGenarodeBoconoito,VE1810,2025-06-21,103.54106777132282,88.67666666666666,16.762471643787716,5.2751045227225974,Lluvia extrema
Portuguesa,SantaRosalía,VE1812,2025-06-21,108.55132247972168,91.79873333333333,18.24925959006153,3.758725072127412,Lluvia extrema
Portuguesa,Sucre,VE1813,2025-06-21,106.5829520100536,87.9786,21.14645153486598,5.887059675853697,Lluvia extrema
Portuguesa,Turén,VE1814,2025-06-21,111.30115305615205,86.16206666666666,29.17651277648716,8.112727379897986,Lluvia extrema
Sucre,AndrésEloyBlanco,VE1901,2025-06-21,102.7846724770194,64.9596,58.22861051641237,18.14351769593991,Lluvia extrema
Sucre,AndrésMata,VE1902,2025-06-21,96.93516080270152,57.6299,68.20289607079228,40.053041885828655,Lluvia extrema
Sucre,Arismendi,VE1903,2025-06-21,100.41944100448634,64.4139,55.89716040246957,10.14540496044647,Lluvia extrema
Sucre,Benítez,VE1904,2025-06-21,107.8730121477234,72.16103333333334,49.48928412572168,7.486648140486256,Lluvia extrema
Sucre,Bermúdez,VE1905,2025-06-21,100.8565285671658,54.40416666666667,85.38383132511136,26.24361900123747,Lluvia extrema
Sucre,Bolívar,VE1906,2025-06-21,93.85322666386152,41.660333333333334,125.28198685526965,70.86615910635406,Lluvia extrema
Sucre,Cajigal,VE1907,2025-06-21,101.25241851168994,68.6622,47.46457077065684,6.839602344354537,Lluvia extrema
Sucre,CruzSalmerónAcosta,VE1908,2025-06-21,91.83709000581582,34.65553333333334,164.99978841036202,141.369299432538,Lluvia extrema
Sucre,Libertador,VE1909,2025-06-21,102.57203270024932,75.6037,35.67065196577591,6.092142029533004,Lluvia extrema
Sucre,Mariño,VE1910,2025-06-21,102.13910209534173,47.4378,115.31163353979679,20.193833792081037,Lluvia extrema
Sucre,Mejía,VE1911,2025-06-21,104.21111807132766,42.53493333333333,145.00124933700224,71.6414710149012,Lluvia extrema
Sucre,Montes,VE1912,2025-06-21,99.62467630438478,45.164633333333335,120.58116927267893,126.56863995945298,Lluvia extrema
Sucre,Ribero,VE1913,2025-06-21,106.9631348484004,41.319066666666664,158.87113015234388,47.190272539714414,Lluvia extrema
Sucre,Sucre,VE1914,2025-06-21,95.58253339333686,45.260000000000005,111.18544717926834,30.82531554010606,Lluvia extrema
Sucre,Valdez,VE1915,2025-06-21,107.73679952565789,48.1963,123.5374904829995,18.5809537591172,Lluvia extrema
Trujillo,AndrésBello,VE2101,2025-06-21,109.09398659229092,22.544433333333334,383.9065368344776,39.4582849294307,Lluvia extrema
Trujillo,Boconó,VE2102,2025-06-21,105.52380929044112,58.68333333333333,79.81904451651428,26.784989059873226,Lluvia extrema
Trujillo,Bolívar,VE2103,2025-06-21,105.4850165879467,28.821,266.0005433119833,46.892127308670545,Lluvia extrema
Trujillo,Candelaria,VE2104,2025-06-21,109.09921090689808,24.987333333333332,336.61806344640524,60.94045792845732,Lluvia extrema
Trujillo,Carache,VE2105,2025-06-21,104.13504489518915,25.3303,311.1086125912016,64.18591141898287,Lluvia extrema
Trujillo,Escuque,VE2106,2025-06-21,107.24076648898102,31.618533333333335,239.1705913693478,64.66430745994494,Lluvia extrema
Trujillo,JoséFelipeMárquezCañizalez,VE2107,2025-06-21,100.05837522441225,27.649533333333334,261.8808824660533,34.56578029135336,Lluvia extrema
Trujillo,JuanVicenteCamposElías,VE2108,2025-06-21,107.50968256091844,56.666666666666664,89.72296922515018,23.48934127098057,Lluvia extrema
Trujillo,LaCeiba,VE2109,2025-06-21,103.43331433355992,27.959033333333334,269.9459602211804,48.55790190352855,Lluvia extrema
Trujillo,Miranda,VE2110,2025-06-21,111.1520840331704,22.245466666666665,399.6617319776182,49.95061738281256,Lluvia extrema
Trujillo,MonteCarmelo,VE2111,2025-06-21,102.71561170554024,33.68556666666667,204.92469585551544,42.29010431325106,Lluvia extrema
Trujillo,Motatán,VE2112,2025-06-21,113.26318291095076,22.037766666666666,413.950368129941,57.831107559677655,Lluvia extrema
Trujillo,Pampanito,VE2114,2025-06-21,112.70309420269638,22.4389,402.2665736854141,58.045069510350906,Lluvia extrema
Trujillo,Pampán,VE2113,2025-06-21,110.84369211321642,26.4689,318.769545063136,70.2549645866954,Lluvia extrema
Trujillo,RafaelRangel,VE2115,2025-06-21,107.8380683890339,29.65,263.7034347016321,63.995692625747814,Lluvia extrema
Trujillo,SanRafaeldeCarvajal,VE2116,2025-06-21,117.43196065495448,19.802766666666667,493.00784901245015,75.71575164033757,Lluvia extrema
Trujillo,Sucre,VE2117,2025-06-21,110.27858517575086,24.791633333333333,344.82178198189524,42.844323231379896,Lluvia extrema
Trujillo,Trujillo,VE2118,2025-06-21,112.39302584269026,27.58,307.5164098719734,116.86145581410852,Lluvia extrema
Trujillo,Urdaneta,VE2119,2025-06-21,104.36467715534798,27.798066666666667,275.43861739310876,117.78768451199372,Lluvia extrema
Trujillo,Valera,VE2120,2025-06-21,105.25011996773836,24.915566666666663,322.42715718983595,116.77666169179437,Lluvia extrema
Táchira,AndrésBello,VE2001,2025-06-21,92.4886994618671,32.1704,187.49626819022174,38.891163810179826,Lluvia extrema
Táchira,AntonioRómuloCosta,VE2002,2025-06-21,89.08290410420454,42.33886666666667,110.40455524129413,187.24304448605128,Lluvia extrema
Táchira,Ayacucho,VE2003,2025-06-21,96.89285162520486,34.09256666666667,184.20521274492341,181.51156470441336,Lluvia extrema
Táchira,Bolívar,VE2004,2025-06-21,107.10326036582715,28.5689,274.8945894515615,37.79288997643793,Lluvia extrema
Táchira,Cárdenas,VE2005,2025-06-21,96.74247175038288,58.07666666666666,66.57717686457478,7.416744247802278,Lluvia extrema
Táchira,FranciscodeMiranda,VE2008,2025-06-21,87.44362862125155,65.05223333333333,34.42064036938247,5.572529878055175,Lluvia extrema
Táchira,GarcíadeHevia,VE2009,2025-06-21,96.77351455468508,41.7291,131.90894257169475,87.86079635258056,Lluvia extrema
Táchira,Guasimos,VE2010,2025-06-21,95.08521141075693,26.811133333333334,254.64823597196036,48.73030244275488,Lluvia extrema
Táchira,Independencia,VE2011,2025-06-21,105.59379714882284,41.9333,151.8137068840822,14.625126367081842,Lluvia extrema
Táchira,Jauregui,VE2012,2025-06-21,94.23713468308776,30.327066666666667,210.73606860457247,131.47542937384745,Lluvia extrema
Táchira,JoséMaríaVargas,VE2013,2025-06-21,96.00770750268278,32.28703333333333,197.3568568889351,85.27823235695847,Lluvia extrema
Táchira,Junín,VE2014,2025-06-21,100.0489467796056,43.891333333333336,127.94692979541654,14.705524255334328,Lluvia extrema
Táchira,Libertad,VE2015,2025-06-21,100.86013829947882,29.2574,244.73377094163806,38.95623857002579,Lluvia extrema
Táchira,Lobatera,VE2017,2025-06-21,96.70049721823196,22.2,335.5878253073512,79.34308332874994,Lluvia extrema
Táchira,Michelena,VE2018,2025-06-21,89.87288453042433,23.603666666666665,280.75814999261837,134.4603332805432,Lluvia extrema
Táchira,Panamericano,VE2019,2025-06-21,88.76640193685378,35.724266666666665,148.47648452831442,397.1856222938109,Lluvia extrema
Táchira,PedroMaríaUreña,VE2020,2025-06-21,99.2778529769109,14.366633333333333,591.0307423700118,53.516623835789574,Lluvia extrema
Táchira,RafaelUrdaneta,VE2021,2025-06-21,95.7975652835646,51.49166666666667,86.04479420663135,11.58318836770654,Lluvia extrema
Táchira,SamuelDarioMaldonado,VE2022,2025-06-21,98.78215677117284,38.506433333333334,156.5341638267532,60.071675594788594,Lluvia extrema
Táchira,SanCristóbal,VE2023,2025-06-21,94.43580827172669,69.8537,35.190846400014145,3.7820126861857144,Lluvia extrema
Táchira,SanJudasTadeo,VE2029,2025-06-21,89.5183514504267,30.633333333333333,192.22530397310135,75.71850352378131,Lluvia extrema
Táchira,Seboruco,VE2024,2025-06-21,89.6130693974265,35.94446666666666,149.30977618463254,100.08458012819425,Lluvia extrema
Táchira,SimónRodriguez,VE2025,2025-06-21,99.28316231018766,27.95553333333333,255.14672936611595,71.04761777710576,Lluvia extrema
Táchira,Sucre,VE2026,2025-06-21,91.06708595929878,55.391666666666666,64.4057516942358,10.013476806762455,Lluvia extrema
Táchira,Torbes,VE2027,2025-06-21,92.8387655437354,73.3926,26.496084814729826,2.8595174235031577,Lluvia extrema
Táchira,Uribante,VE2028,2025-06-21,86.50682216279749,72.43233333333333,19.43122384956648,3.625965570146833,Lluvia extrema
Vargas,Vargas,VE2401,2025-06-21,102.0824127150178,33.46196666666667,205.06997311878794,34.67097416779507,Lluvia extrema
Yaracuy,ArístidesBastidas,VE2201,2025-06-21,95.96798838964642,53.45556666666667,79.52852130083069,13.43743052346141,Lluvia extrema
Yaracuy,Bolívar,VE2202,2025-06-21,99.1114609906979,45.9613,115.64111761568516,23.032176355720967,Lluvia extrema
Yaracuy,Bruzual,VE2203,2025-06-21,93.54847697655087,56.44446666666666,65.73542545632027,8.772680206125015,Lluvia extrema
Yaracuy,Cocorote,VE2204,2025-06-21,98.19582228320348,46.66663333333333,110.41976947812853,13.669313500737273,Lluvia extrema
Yaracuy,Independencia,VE2205,2025-06-21,97.32779787869369,53.516666666666666,81.86446193465031,12.917313752379172,Lluvia extrema
Yaracuy,JoséAntonioPáez,VE2206,2025-06-21,92.26366900443938,54.86666666666667,68.15978554879595,9.783470425835484,Lluvia extrema
Yaracuy,LaTrinidad,VE2207,2025-06-21,95.06748616053233,56.6,67.9637564673716,12.711890352355926,Lluvia extrema
Yaracuy,ManuelMonge,VE2208,2025-06-21,97.81226080718156,47.85983333333333,104.3723389631143,23.80054804677442,Lluvia extrema
Yaracuy,Nirgua,VE2209,2025-06-21,95.7926283057988,62.18316666666666,54.04913168751266,12.478984574511701,Lluvia extrema
Yaracuy,Peña,VE2210,2025-06-21,88.51524298123493,48.25129999999999,83.44633819448377,16.12150849562609,Lluvia extrema
Yaracuy,SanFelipe,VE2211,2025-06-21,98.53311136539511,47.24956666666667,108.53759794353341,14.60131473618591,Lluvia extrema
Yaracuy,Sucre,VE2212,2025-06-21,96.93371673176928,51.31666666666667,88.8932446867865,13.492642202093572,Lluvia extrema
Yaracuy,Urachiche,VE2213,2025-06-21,90.3403778448791,54.485200000000006,65.80718772231559,8.589938733414908,Lluvia extrema
Yaracuy,Veroes,VE2214,2025-06-21,98.95820398588398,43.276799999999994,128.663403915918,32.453635228537074,Lluvia extrema
Zulia,AlmirantePadilla,VE2301,2025-06-21,112.6978413494564,10.311133333333332,992.9723989227476,146.02873703351344,Lluvia extrema
Zulia,Baralt,VE2302,2025-06-21,102.43225701043548,34.780166666666666,194.51341620109775,47.08427021738864,Lluvia extrema
Zulia,Cabimas,VE2303,2025-06-21,106.99924458713237,29.785933333333332,259.22743595007614,68.93267509993527,Lluvia extrema
Zulia,Catatumbo,VE2304,2025-06-21,92.95051903987756,59.986533333333334,54.95230991824425,11.171539673236065,Lluvia extrema
Zulia,Colón,VE2305,2025-06-21,93.24936954087065,45.176033333333336,106.41336270678326,18.31067842378365,Lluvia extrema
Zulia,FranciscoJavierPulgar,VE2306,2025-06-21,92.34498542931696,34.004666666666665,171.56562460833894,29.80810599140304,Lluvia extrema
Zulia,Guajira,VE2315,2025-06-21,108.72880784279144,15.047166666666667,622.5865855772943,69.08738865198109,Lluvia extrema
Zulia,JesúsEnriqueLossada,VE2307,2025-06-21,104.90180009356804,32.3824,223.94695913078723,24.39167055836108,Lluvia extrema
Zulia,JesúsMaríaSemprún,VE2308,2025-06-21,99.47492007368074,91.43403333333333,8.794194510739148,1.7806505176895269,Lluvia extrema
Zulia,LaCañadadeUrdaneta,VE2309,2025-06-21,114.73016677412927,22.375433333333334,412.7505915302762,61.510020445126,Lluvia extrema
Zulia,Lagunillas,VE2310,2025-06-21,106.6122470802252,30.524733333333334,249.2651218800444,77.76276018533056,Lluvia extrema
Zulia,MachiquesdePerijá,VE2311,2025-06-21,92.49872816835024,68.09443333333333,35.83889848316076,11.043927784911181,Lluvia extrema
Zulia,Mara,VE2312,2025-06-21,117.13202053366864,25.644633333333335,356.7506152697392,42.331257631785554,Lluvia extrema
Zulia,Maracaibo,VE2313,2025-06-21,114.0154910350222,11.295399999999999,909.3975515255963,102.9639397962469,Lluvia extrema
Zulia,Miranda,VE2314,2025-06-21,107.51965077475164,23.359,360.2921819202519,107.02979061279429,Lluvia extrema
Zulia,RosariodePerijá,VE2316,2025-06-21,96.94339282323028,41.93646666666667,131.16728835022727,19.69908078005297,Lluvia extrema
Zulia,SanFrancisco,VE2317,2025-06-21,115.00176157704084,12.403166666666667,827.1967769820141,124.0621118272536,Lluvia extrema
Zulia,SantaRita,VE2318,2025-06-21,111.2153027963103,20.40713333333333,444.98248715143876,90.31483473767115,Lluvia extrema
Zulia,SimónBolívar,VE2319,2025-06-21,113.75494498290674,22.89206666666667,396.91863403729417,93.05774359778704,Lluvia extrema
Zulia,Sucre,VE2320,2025-06-21,98.4597869382347,35.71333333333333,175.69475528719818,29.21057649888075,Lluvia extrema
Zulia,ValmoreRodríguez,VE2321,2025-06-21,104.25173732552634,37.32656666666667,179.29634744206223,92.65903117132056,Lluvia extrema
Apure,Biruaca,VE0402,2025-06-21,103.43926549999873,102.64233333333334,0.7764166506984306,0.1415166087765507,Normal
Apure,SanFernando,VE0407,2025-06-21,107.04847327292968,101.11343333333333,5.869684911233045,0.71255148470161,Normal
Bolívar,Sifontes,VE0709,2025-06-21,101.13015352625676,100.5634,0.563578325968256,0.17323159879521613,Normal
DeltaAmacuro,AntonioDiaz,VE1001,2025-06-21,99.630522379532,95.6077,4.207634300931831,0.6092653991660769,Normal
Táchira,Córdoba,VE2006,2025-06-21,91.213366967368,89.24443333333333,2.2062257112223285,0.26073827168302305,Normal
Amazonas,AltoOrinoco,VE0201,2025-06-21,100.07516565925638,110.10736666666668,-9.11128956319631,-2.6795077422250486,Sequía extrema
Amazonas,Atabapo,VE0202,2025-06-21,105.2650020121235,156.91766666666666,-32.91704863561772,-17.06433946116626,Sequía extrema
Amazonas,Atures,VE0203,2025-06-21,104.69413550793918,147.28166666666667,-28.91570425741662,-5.152374439009336,Sequía extrema
Amazonas,Autana,VE0204,2025-06-21,107.7461676338529,151.54773333333333,-28.902818099652926,-8.665049755351914,Sequía extrema
Amazonas,Manapiare,VE0206,2025-06-21,113.16664642736502,145.22233333333332,-22.073524209523537,-7.444488025574107,Sequía extrema
Amazonas,Maroa,VE0205,2025-06-21,96.51188613643828,153.434,-37.09876159362444,-16.060413782300966,Sequía extrema
Amazonas,RíoNegro,VE0207,2025-06-21,101.33516539641865,108.466,-6.574257927443945,-1.5229117454544303,Sequía extrema
Apure,Achaguas,VE0401,2025-06-21,102.55549666852122,117.97483333333332,-13.070021994644714,-1.5023999053901542,Sequía extrema
Apure,PedroCamejo,VE0405,2025-06-21,101.8555120159367,129.11593333333334,-21.113135004817362,-2.9220200113338617,Sequía extrema
Apure,Páez,VE0404,2025-06-21,95.2116434212444,124.52980000000001,-23.543084931281992,-4.506388760537337,Sequía extrema
Apure,RómuloGallegos,VE0406,2025-06-21,105.3773468072167,123.17866666666666,-14.451625708550692,-1.640759874613675,Sequía extrema
Barinas,AndresEloyBlanco,VE0612,2025-06-21,92.58308528648516,132.0405,-29.882812253448638,-6.452147571656266,Sequía extrema
Barinas,EzequielZamora,VE0607,2025-06-21,96.00246125745456,109.94303333333335,-12.679813948386109,-2.3375188685428947,Sequía extrema
Bolívar,Angostura,VE0707,2025-06-21,104.94109310139424,141.49386666666666,-25.83346856396538,-5.331851857369574,Sequía extrema
Bolívar,Cedeño,VE0702,2025-06-21,112.95642487550452,127.62209999999999,-11.491485506425192,-1.4855421580668116,Sequía extrema
Bolívar,GranSabana,VE0704,2025-06-21,95.37652078883056,113.33856666666667,-15.848132199045018,-4.918517634975379,Sequía extrema
Bolívar,Sucre,VE0710,2025-06-21,107.59852211930456,140.3521,-23.3367209188145,-4.409547945045252,Sequía extrema
Mérida,PadreNoguera,VE1415,2025-06-21,91.82416041645706,107.3111,-14.431815146376223,-3.8000095704257175,Sequía extrema
Táchira,FernándezFeo,VE2007,2025-06-21,78.11287003026389,137.271,-43.09586873391765,-6.825948780493705,Sequía extrema
Táchira,Libertador,VE2016,2025-06-21,84.37411445040709,126.62780000000001,-33.36841163598587,-9.054767649978935,Sequía extrema
Anzoátegui,Lic.DiegoBautistaUrban,VE0321,,,,,,
Aragua,FranciscoLinares,VE0517,,,,,,
Miranda,Chacao,VE1507,,,,,,
