Estado,Municipio,ADM2_PCODE,Fecha_pred,Pred_mm,Media_hist_mm,Diff_pct,SPI_like,Alerta,P20,P80,P10,P90,P05,P95
Miranda,Acevedo,VE1501,2025-06-21,99.13373530716322,67.4589,46.9542718709662,15.116575690908876,Lluvia extrema,65.501,70.3515,65.501,70.3515,65.501,70.3515
Apure,Achaguas,VE0401,2025-06-21,102.55549666852122,117.97483333333332,-13.070021994644714,-1.5023999053901542,Sequía extrema,105.4078,130.4535,105.4078,130.4535,105.4078,130.4535
Falcón,Acosta,VE1101,2025-06-21,84.04944881318004,25.025566666666666,235.8543282263873,68.62017414490441,Lluvia extrema,23.9656,26.0644,23.9656,26.0644,23.9656,26.0644
Monagas,Acosta,VE1601,2025-06-21,103.1037592853838,44.0735,133.93594628378463,51.201152074209524,Lluvia extrema,42.459,45.0359,42.459,45.0359,42.459,45.0359
Portuguesa,AguaBlanca,VE1801,2025-06-21,101.17259328461076,78.20693333333332,29.365248031646086,7.571801837539005,Lluvia extrema,75.5458,82.4333,75.5458,82.4333,75.5458,82.4333
Monagas,Aguasay,VE1602,2025-06-21,105.62915850273151,56.193733333333334,87.97319956685237,9.842176164731915,Lluvia extrema,49.1434,60.2502,49.1434,60.2502,49.1434,60.2502
Mérida,AlbertoAdriani,VE1401,2025-06-21,96.79755562984882,41.575,132.82635148490394,24.972475138249585,Lluvia extrema,39.6028,44.65,39.6028,44.65,39.6028,44.65
Barinas,AlbertoArveloTorrealba,VE0601,2025-06-21,104.70308276525172,80.168,30.604583830520546,10.261976835730959,Lluvia extrema,77.932,83.468,77.932,83.468,77.932,83.468
Zulia,AlmirantePadilla,VE2301,2025-06-21,112.6978413494564,10.311133333333332,992.9723989227476,146.02873703351344,Lluvia extrema,9.6417,11.275,9.6417,11.275,9.6417,11.275
Anzoátegui,Anaco,VE0301,2025-06-21,103.44791172169504,40.995733333333334,152.3382393981529,31.53098096348499,Lluvia extrema,39.5141,43.7846,39.5141,43.7846,39.5141,43.7846
Mérida,AndrésBello,VE1402,2025-06-21,92.00567101309714,38.7361,137.51919014329562,26.231528368265284,Lluvia extrema,36.2722,41.2278,36.2722,41.2278,36.2722,41.2278
Miranda,AndrésBello,VE1502,2025-06-21,97.08608624577838,53.30743333333333,82.12485609407516,38.73637849856957,Lluvia extrema,52.3556,54.8889,52.3556,54.8889,52.3556,54.8889
Táchira,AndrésBello,VE2001,2025-06-21,92.4886994618671,32.1704,187.49626819022174,38.891163810179826,Lluvia extrema,31.0667,34.3556,31.0667,34.3556,31.0667,34.3556
Trujillo,AndrésBello,VE2101,2025-06-21,109.09398659229092,22.544433333333334,383.9065368344776,39.4582849294307,Lluvia extrema,20.7818,25.6242,20.7818,25.6242,20.7818,25.6242
Barinas,AndresEloyBlanco,VE0612,2025-06-21,92.58308528648516,132.0405,-29.882812253448638,-6.452147571656266,Sequía extrema,123.4258,136.4952,123.4258,136.4952,123.4258,136.4952
Lara,AndrésEloyBlanco,VE1301,2025-06-21,98.58576023518047,68.08376666666666,44.80068460055894,8.850084614886727,Lluvia extrema,64.4872,72.7077,64.4872,72.7077,64.4872,72.7077
Sucre,AndrésEloyBlanco,VE1901,2025-06-21,102.7846724770194,64.9596,58.22861051641237,18.14351769593991,Lluvia extrema,62.5152,67.5924,62.5152,67.5924,62.5152,67.5924
Sucre,AndrésMata,VE1902,2025-06-21,96.93516080270152,57.6299,68.20289607079228,40.053041885828655,Lluvia extrema,56.3205,58.6692,56.3205,58.6692,56.3205,58.6692
DeltaAmacuro,AntonioDiaz,VE1001,2025-06-21,99.630522379532,95.6077,4.207634300931831,0.6092653991660769,Normal,86.8805,102.7618,86.8805,102.7618,86.8805,102.7618
Mérida,AntonioPintoSalinas,VE1403,2025-06-21,96.1819373879803,31.466666666666665,205.66293661434418,46.6877003303357,Lluvia extrema,30.3361,33.4111,30.3361,33.4111,30.3361,33.4111
Táchira,AntonioRómuloCosta,VE2002,2025-06-21,89.08290410420454,42.33886666666667,110.40455524129413,187.24304448605128,Lluvia extrema,42.025,42.6333,42.025,42.6333,42.025,42.6333
Cojedes,Anzoátegui,VE0901,2025-06-21,102.49359808075502,76.60683333333334,33.791717554467525,7.186490017223728,Lluvia extrema,73.1641,81.5577,73.1641,81.5577,73.1641,81.5577
Anzoátegui,Aragua,VE0302,2025-06-21,101.10073809394234,47.5957,112.41569741372086,19.01680449556906,Lluvia extrema,44.2142,51.0782,44.2142,51.0782,44.2142,51.0782
Portuguesa,Araure,VE1802,2025-06-21,106.69990309197648,83.8134,27.306496445647685,6.546896090817537,Lluvia extrema,81.054,88.7264,81.054,88.7264,81.054,88.7264
Mérida,Aricagua,VE1404,2025-06-21,94.9437105434897,77.95773333333334,21.78870072777432,3.787207191269439,Lluvia extrema,72.7624,83.671,72.7624,83.671,72.7624,83.671
Barinas,Arismendi,VE0603,2025-06-21,106.09117378774712,100.53776666666667,5.523702490321668,1.757945817662551,Lluvia extrema,97.3059,104.8041,97.3059,104.8041,97.3059,104.8041
NuevaEsparta,Arismendi,VE1702,2025-06-21,115.20245432030248,20.6778,457.1310986676651,49.20927302114772,Lluvia extrema,18.5667,23.2,18.5667,23.2,18.5667,23.2
Sucre,Arismendi,VE1903,2025-06-21,100.41944100448634,64.4139,55.89716040246957,10.14540496044647,Lluvia extrema,61.7767,69.4117,61.7767,69.4117,61.7767,69.4117
Yaracuy,ArístidesBastidas,VE2201,2025-06-21,95.96798838964642,53.45556666666667,79.52852130083069,13.43743052346141,Lluvia extrema,50.3667,57.7833,50.3667,57.7833,50.3667,57.7833
Mérida,ArzobispoChacón,VE1405,2025-06-21,93.16754445478884,64.16123333333333,45.20846875053136,9.499094371107129,Lluvia extrema,60.5697,68.0085,60.5697,68.0085,60.5697,68.0085
Amazonas,AltoOrinoco,VE0201,2025-06-21,100.07516565925638,110.10736666666668,-9.11128956319631,-2.6795077422250486,Sequía extrema,105.081,114.0072,105.081,114.0072,105.081,114.0072
Amazonas,Atabapo,VE0202,2025-06-21,105.2650020121235,156.91766666666666,-32.91704863561772,-17.06433946116626,Sequía extrema,154.6002,161.177,154.6002,161.177,154.6002,161.177
Amazonas,Atures,VE0203,2025-06-21,104.69413550793918,147.28166666666667,-28.91570425741662,-5.152374439009336,Sequía extrema,137.581,157.7127,137.581,157.7127,137.581,157.7127
Amazonas,Autana,VE0204,2025-06-21,107.7461676338529,151.54773333333333,-28.902818099652926,-8.665049755351914,Sequía extrema,145.7637,158.0389,145.7637,158.0389,145.7637,158.0389
Amazonas,Maroa,VE0205,2025-06-21,96.51188613643828,153.434,-37.09876159362444,-16.060413782300966,Sequía extrema,149.083,157.7319,149.083,157.7319,149.083,157.7319
Amazonas,RíoNegro,VE0207,2025-06-21,101.33516539641865,108.466,-6.574257927443945,-1.5229117454544303,Sequía extrema,102.7203,114.1466,102.7203,114.1466,102.7203,114.1466
Táchira,Ayacucho,VE2003,2025-06-21,96.89285162520486,34.09256666666667,184.20521274492341,181.51156470441336,Lluvia extrema,33.7822,34.5733,33.7822,34.5733,33.7822,34.5733
Zulia,Baralt,VE2302,2025-06-21,102.43225701043548,34.780166666666666,194.51341620109775,47.08427021738864,Lluvia extrema,32.7687,35.9841,32.7687,35.9841,32.7687,35.9841
Barinas,Barinas,VE0604,2025-06-21,110.05129878462844,86.48186666666666,27.253611683484074,5.7507511052322675,Lluvia extrema,82.3553,92.0435,82.3553,92.0435,82.3553,92.0435
Miranda,Baruta,VE1503,2025-06-21,99.4900615346044,44.27036666666667,124.73286088573407,13.111895997659145,Lluvia extrema,40.1,50.0111,40.1,50.0111,40.1,50.0111
Carabobo,Bejuma,VE0801,2025-06-21,97.64513387478296,45.1506,116.26541812242351,48.87432244805556,Lluvia extrema,43.7981,46.4148,43.7981,46.4148,43.7981,46.4148
Sucre,Benítez,VE1904,2025-06-21,107.8730121477234,72.16103333333334,49.48928412572168,7.486648140486256,Lluvia extrema,66.7862,78.3429,66.7862,78.3429,66.7862,78.3429
Sucre,Bermúdez,VE1905,2025-06-21,100.8565285671658,54.40416666666667,85.38383132511136,26.24361900123747,Lluvia extrema,52.2,56.5167,52.2,56.5167,52.2,56.5167
Apure,Biruaca,VE0402,2025-06-21,103.43926549999873,102.64233333333334,0.7764166506984306,0.1415166087765507,Normal,96.8577,110.2378,96.8577,110.2378,96.8577,110.2378
Trujillo,Boconó,VE2102,2025-06-21,105.52380929044112,58.68333333333333,79.81904451651428,26.784989059873226,Lluvia extrema,56.5237,60.7904,56.5237,60.7904,56.5237,60.7904
Aragua,Bolívar,VE0501,2025-06-21,94.76245677756935,42.32223333333334,123.90703257839105,17.610432681686472,Lluvia extrema,38.6667,45.9333,38.6667,45.9333,38.6667,45.9333
Barinas,Bolívar,VE0605,2025-06-21,97.44276488347953,82.04936666666666,18.76114203215,8.349448185009457,Lluvia extrema,79.5333,83.8667,79.5333,83.8667,79.5333,83.8667
Falcón,Bolívar,VE1102,2025-06-21,82.04550303291285,23.85696666666667,243.90584594959478,27.247819712235902,Lluvia extrema,21.175,26.3792,21.175,26.3792,21.175,26.3792
Monagas,Bolívar,VE1603,2025-06-21,99.92311567058864,74.15186666666666,34.754686783234924,6.8622696136033365,Lluvia extrema,69.063,77.9519,69.063,77.9519,69.063,77.9519
Sucre,Bolívar,VE1906,2025-06-21,93.85322666386152,41.660333333333334,125.28198685526965,70.86615910635406,Lluvia extrema,40.7,42.481,40.7,42.481,40.7,42.481
Táchira,Bolívar,VE2004,2025-06-21,107.10326036582715,28.5689,274.8945894515615,37.79288997643793,Lluvia extrema,26.9,31.4867,26.9,31.4867,26.9,31.4867
Trujillo,Bolívar,VE2103,2025-06-21,105.4850165879467,28.821,266.0005433119833,46.892127308670545,Lluvia extrema,26.6111,30.4889,26.6111,30.4889,26.6111,30.4889
Yaracuy,Bolívar,VE2202,2025-06-21,99.1114609906979,45.9613,115.64111761568516,23.032176355720967,Lluvia extrema,44.3138,49.2126,44.3138,49.2126,44.3138,49.2126
Bolívar,Angostura,VE0707,2025-06-21,104.94109310139424,141.49386666666666,-25.83346856396538,-5.331851857369574,Sequía extrema,131.964,147.6233,131.964,147.6233,131.964,147.6233
Miranda,Guaicaipuro,VE1510,2025-06-21,95.55508039182769,52.3881,82.39844619642186,9.591901141810565,Lluvia extrema,47.1272,58.084,47.1272,58.084,47.1272,58.084
Miranda,Brión,VE1504,2025-06-21,107.47324960663607,48.877766666666666,119.88167000259028,33.26483978692863,Lluvia extrema,46.5105,50.707,46.5105,50.707,46.5105,50.707
Yaracuy,Bruzual,VE2203,2025-06-21,93.54847697655087,56.44446666666666,65.73542545632027,8.772680206125015,Lluvia extrema,51.531,61.8214,51.531,61.8214,51.531,61.8214
Falcón,Buchivacoa,VE1103,2025-06-21,94.42660264836572,25.4893,270.45584872227056,117.53596747159538,Lluvia extrema,24.8315,26.2514,24.8315,26.2514,24.8315,26.2514
Miranda,Buroz,VE1505,2025-06-21,100.45712156649304,55.3889,81.36688319589854,30.0569416981054,Lluvia extrema,53.8852,57.4259,53.8852,57.4259,53.8852,57.4259
Zulia,Cabimas,VE2303,2025-06-21,106.99924458713237,29.785933333333332,259.22743595007614,68.93267509993527,Lluvia extrema,28.9175,31.3614,28.9175,31.3614,28.9175,31.3614
Falcón,CaciqueManaure,VE1104,2025-06-21,86.30455925605499,46.46826666666667,85.72795037772367,75.17512494737949,Lluvia extrema,45.8905,47.1667,45.8905,47.1667,45.8905,47.1667
Sucre,Cajigal,VE1907,2025-06-21,101.25241851168994,68.6622,47.46457077065684,6.839602344354537,Lluvia extrema,64.6733,75.3333,64.6733,75.3333,64.6733,75.3333
Guárico,Camaguán,VE1201,2025-06-21,102.164954063568,89.83736666666667,13.722115701188928,3.4565918201792845,Lluvia extrema,86.7364,94.8121,86.7364,94.8121,86.7364,94.8121
Aragua,Camatagua,VE0502,2025-06-21,92.19391199694748,59.40253333333333,55.201986891043056,12.497382778406276,Lluvia extrema,56.9038,63.0115,56.9038,63.0115,56.9038,63.0115
Mérida,CampoElías,VE1406,2025-06-21,96.7822507903983,37.765633333333334,156.27069440663854,26.976664518338016,Lluvia extrema,35.7924,40.803,35.7924,40.803,35.7924,40.803
Trujillo,Candelaria,VE2104,2025-06-21,109.09921090689808,24.987333333333332,336.61806344640524,60.94045792845732,Lluvia extrema,23.9167,26.9286,23.9167,26.9286,23.9167,26.9286
Mérida,CaraccioloParraOlmedo,VE1407,2025-06-21,100.48099144410897,39.0648,157.21619320746288,22.491234600433803,Lluvia extrema,35.2185,41.0685,35.2185,41.0685,35.2185,41.0685
Trujillo,Carache,VE2105,2025-06-21,104.13504489518915,25.3303,311.1086125912016,64.18591141898287,Lluvia extrema,24.2279,27.036,24.2279,27.036,24.2279,27.036
Mérida,CardenalQuintero,VE1408,2025-06-21,95.32023269791004,52.581133333333334,81.28219506726123,33.33125714421922,Lluvia extrema,50.7867,53.66,50.7867,53.66,50.7867,53.66
Táchira,Cárdenas,VE2005,2025-06-21,96.74247175038288,58.07666666666666,66.57717686457478,7.416744247802278,Lluvia extrema,53.6967,65.3733,53.6967,65.3733,53.6967,65.3733
Monagas,Caripe,VE1604,2025-06-21,106.50029191089412,55.5587,91.6896758039589,24.909500252142166,Lluvia extrema,52.8698,57.8,52.8698,57.8,52.8698,57.8
Falcón,Carirubana,VE1105,2025-06-21,109.39802132847946,3.3296666666666668,3185.554750079471,183.25928427907965,Lluvia extrema,2.5167,3.7917,2.5167,3.7917,2.5167,3.7917
Bolívar,Caroní,VE0701,2025-06-21,92.41636259394176,56.106966666666665,64.71459443350486,8.303495641768004,Lluvia extrema,49.9549,59.4719,49.9549,59.4719,49.9549,59.4719
Miranda,Carrizal,VE1506,2025-06-21,96.98242738145348,48.13333333333333,101.48703749609447,11.850063674641206,Lluvia extrema,43.7667,53.6333,43.7667,53.6333,43.7667,53.6333
DeltaAmacuro,Casacoima,VE1002,2025-06-21,92.88053629938578,70.8105,31.167745319388786,3.464187240431187,Lluvia extrema,62.8014,78.3254,62.8014,78.3254,62.8014,78.3254
Zulia,Catatumbo,VE2304,2025-06-21,92.95051903987756,59.986533333333334,54.95230991824425,11.171539673236065,Lluvia extrema,56.7513,63.8654,56.7513,63.8654,56.7513,63.8654
Bolívar,Cedeño,VE0702,2025-06-21,112.95642487550452,127.6221,-11.491485506425192,-1.4855421580668116,Sequía extrema,117.1278,140.7757,117.1278,140.7757,117.1278,140.7757
Monagas,Cedeño,VE1605,2025-06-21,100.32241936573485,48.92223333333333,105.06508499353366,19.77928729613972,Lluvia extrema,45.73,52.0714,45.73,52.0714,45.73,52.0714
Miranda,Chacao,VE1507,,,,,,,,,,,,
Guárico,Chaguaramas,VE1202,2025-06-21,91.80945848835162,51.00873333333333,79.98772462823678,44.55779314587636,Lluvia extrema,49.9751,52.1942,49.9751,52.1942,49.9751,52.1942
Yaracuy,Cocorote,VE2204,2025-06-21,98.19582228320348,46.66663333333333,110.41976947812853,13.669313500737273,Lluvia extrema,43.5111,51.9444,43.5111,51.9444,43.5111,51.9444
Falcón,Colina,VE1106,2025-06-21,85.14416934628002,23.31886666666667,265.12996348999246,20.718197885577634,Lluvia extrema,19.535,26.7983,19.535,26.7983,19.535,26.7983
Zulia,Colón,VE2305,2025-06-21,93.24936954087065,45.176033333333336,106.41336270678326,18.31067842378365,Lluvia extrema,42.6255,48.7716,42.6255,48.7716,42.6255,48.7716
Táchira,Córdoba,VE2006,2025-06-21,91.213366967368,89.24443333333333,2.2062257112223285,0.26073827168302305,Normal,81.1083,99.25,81.1083,99.25,81.1083,99.25
Lara,Crespo,VE1302,2025-06-21,90.44138964767836,36.4495,148.12792945768354,29.369803340315535,Lluvia extrema,34.9847,39.0319,34.9847,39.0319,34.9847,39.0319
Miranda,CristóbalRojas,VE1508,2025-06-21,102.0707849159734,54.0178,88.95768601456076,13.368176408895884,Lluvia extrema,50.1067,58.76,50.1067,58.76,50.1067,58.76
Barinas,CruzParedes,VE0606,2025-06-21,102.2730616608562,79.04896666666667,29.379378344211364,16.431950234961707,Lluvia extrema,77.6037,80.958,77.6037,80.958,77.6037,80.958
Sucre,CruzSalmerónAcosta,VE1908,2025-06-21,91.83709000581582,34.65553333333334,164.99978841036202,141.369299432538,Lluvia extrema,34.1368,35.1193,34.1368,35.1193,34.1368,35.1193
Falcón,Dabajuro,VE1107,2025-06-21,98.10830739861304,37.23483333333333,163.48528680208867,50.69900906522907,Lluvia extrema,35.5593,38.2748,35.5593,38.2748,35.5593,38.2748
Falcón,Democracia,VE1108,2025-06-21,93.36598844214,23.7295,293.4595690686276,104.12486332585766,Lluvia extrema,22.9207,24.5526,22.9207,24.5526,22.9207,24.5526
NuevaEsparta,Díaz,VE1703,2025-06-21,106.35001742203478,26.15553333333333,306.6061894692829,51.02286977048363,Lluvia extrema,24.2,28.0333,24.2,28.0333,24.2,28.0333
Carabobo,DiegoIbarra,VE0803,2025-06-21,95.51177530187684,40.9278,133.36650223534332,28.932307558670892,Lluvia extrema,38.875,43.4167,38.875,43.4167,38.875,43.4167
Trujillo,Escuque,VE2106,2025-06-21,107.24076648898102,31.618533333333335,239.1705913693478,64.66430745994494,Lluvia extrema,30.0056,32.7167,30.0056,32.7167,30.0056,32.7167
Portuguesa,Esteller,VE1803,2025-06-21,110.52205482237208,98.2353,12.507474219931215,3.717952869531936,Lluvia extrema,95.6893,102.8845,95.6893,102.8845,95.6893,102.8845
Aragua,Zamora,VE0516,2025-06-21,106.28961797136752,45.8995,131.57031769707194,22.297760069266104,Lluvia extrema,43.0188,49.5072,43.0188,49.5072,43.0188,49.5072
Barinas,EzequielZamora,VE0607,2025-06-21,96.00246125745456,109.94303333333335,-12.679813948386109,-2.3375188685428947,Sequía extrema,101.9,116.0712,101.9,116.0712,101.9,116.0712
Monagas,EzequielZamora,VE1606,2025-06-21,94.98239026458148,52.337633333333336,81.4801018220442,10.916150862028061,Lluvia extrema,46.8385,55.2923,46.8385,55.2923,46.8385,55.2923
Falcón,Falcón,VE1109,2025-06-21,116.126256329501,4.7354666666666665,2352.266365782345,213.73952487256858,Lluvia extrema,4.2075,5.4414,4.2075,5.4414,4.2075,5.4414
Falcón,Federación,VE1110,2025-06-21,85.97647071458853,24.043033333333334,257.5941085411652,33.267956325792426,Lluvia extrema,21.5738,26.044,21.5738,26.044,21.5738,26.044
Táchira,FernándezFeo,VE2007,2025-06-21,78.11287003026389,137.271,-43.09586873391765,-6.825948780493705,Sequía extrema,128.6667,149.0769,128.6667,149.0769,128.6667,149.0769
Zulia,FranciscoJavierPulgar,VE2306,2025-06-21,92.34498542931696,34.004666666666665,171.56562460833894,29.80810599140304,Lluvia extrema,32.3542,36.7431,32.3542,36.7431,32.3542,36.7431
NuevaEsparta,García,VE1704,2025-06-21,94.15709049277524,21.1,346.24213503684945,74.09420296275286,Lluvia extrema,19.95,22.35,19.95,22.35,19.95,22.35
Aragua,Girardot,VE0503,2025-06-21,95.22099010528564,41.5378,129.2393677693225,25.466861881459522,Lluvia extrema,39.05,44.1867,39.05,44.1867,39.05,44.1867
Cojedes,Girardot,VE0903,2025-06-21,107.063971008371,87.96223333333333,21.715839799850848,6.3370815806876815,Lluvia extrema,85.7401,92.2077,85.7401,92.2077,85.7401,92.2077
NuevaEsparta,Gómez,VE1705,2025-06-21,115.46342630321104,24.466633333333334,371.922003857816,32.59962747990722,Lluvia extrema,21.1833,27.9833,21.1833,27.9833,21.1833,27.9833
Bolívar,GranSabana,VE0704,2025-06-21,95.37652078883056,113.33856666666667,-15.848132199045018,-4.918517634975379,Sequía extrema,108.1992,116.1246,108.1992,116.1246,108.1992,116.1246
Carabobo,Guacara,VE0804,2025-06-21,99.90745838916476,45.33776666666667,120.36254922679935,41.85881628902038,Lluvia extrema,43.72,46.9,43.72,46.9,43.72,46.9
Portuguesa,Guanare,VE1804,2025-06-21,107.10652204820502,96.0283,11.536413794896943,2.9870952267570265,Lluvia extrema,93.2236,101.2489,93.2236,101.2489,93.2236,101.2489
Portuguesa,Guanarito,VE1805,2025-06-21,111.29710149537787,96.42316666666667,15.425685904021542,3.1122544400174164,Lluvia extrema,92.2994,103.0951,92.2994,103.0951,92.2994,103.0951
Anzoátegui,Guanta,VE0306,2025-06-21,96.20101495997672,28.711133333333333,235.06519524357583,48.90180543246716,Lluvia extrema,26.7667,29.7,26.7667,29.7,26.7667,29.7
Mérida,Guaraque,VE1409,2025-06-21,87.38124632515255,37.51943333333333,132.89596500254325,30.84362787067089,Lluvia extrema,35.2417,38.6604,35.2417,38.6604,35.2417,38.6604
Táchira,Guasimos,VE2010,2025-06-21,95.08521141075693,26.811133333333334,254.64823597196036,48.73030244275488,Lluvia extrema,25.3,28.6667,25.3,28.6667,25.3,28.6667
Anzoátegui,Independencia,VE0307,2025-06-21,93.11033502851132,54.9361,69.48843297669715,9.103961351845733,Lluvia extrema,49.0458,58.277,49.0458,58.277,49.0458,58.277
Miranda,Independencia,VE1511,2025-06-21,94.1762212712903,65.84546666666665,43.026127748542024,11.417563443086793,Lluvia extrema,63.6091,69.2909,63.6091,69.2909,63.6091,69.2909
Táchira,Independencia,VE2011,2025-06-21,105.59379714882284,41.9333,151.8137068840822,14.625126367081842,Lluvia extrema,37.5333,47.8333,37.5333,47.8333,37.5333,47.8333
Yaracuy,Independencia,VE2205,2025-06-21,97.32779787869369,53.516666666666666,81.86446193465031,12.917313752379172,Lluvia extrema,49.7833,57.9667,49.7833,57.9667,49.7833,57.9667
Lara,Iribarren,VE1303,2025-06-21,85.07432859636786,28.128933333333332,202.44420429392224,43.74881999298712,Lluvia extrema,27.208,29.9629,27.208,29.9629,27.208,29.9629
Falcón,Jacura,VE1111,2025-06-21,84.6919741859237,43.2643,95.75486991797787,18.5822646207127,Lluvia extrema,40.1541,45.2005,40.1541,45.2005,40.1541,45.2005
Táchira,Jauregui,VE2012,2025-06-21,94.23713468308776,30.327066666666667,210.73606860457247,131.47542937384745,Lluvia extrema,29.8646,30.9958,29.8646,30.9958,29.8646,30.9958
Zulia,JesúsEnriqueLossada,VE2307,2025-06-21,104.90180009356804,32.3824,223.94695913078723,24.39167055836108,Lluvia extrema,29.2101,36.3378,29.2101,36.3378,29.2101,36.3378
Lara,Jiménez,VE1304,2025-06-21,89.88800200153344,25.76953333333333,248.81501670525705,69.73329878472968,Lluvia extrema,24.8839,27.0312,24.8839,27.0312,24.8839,27.0312
Aragua,JoséAngelLamas,VE0504,2025-06-21,101.39788629547552,39.7222,155.26754886556014,29.84054075429999,Lluvia extrema,37.3,42.3333,37.3,42.3333,37.3,42.3333
Yaracuy,JoséAntonioPáez,VE2206,2025-06-21,92.26366900443938,54.86666666666667,68.15978554879595,9.783470425835484,Lluvia extrema,49.9083,59.1667,49.9083,59.1667,49.9083,59.1667
Aragua,JoséFélixRibas,VE0505,2025-06-21,96.45927785393312,43.92776666666667,119.58611869774039,13.173670525676782,Lluvia extrema,39.11,48.84,39.11,48.84,39.11,48.84
Táchira,JoséMaríaVargas,VE2013,2025-06-21,96.00770750268278,32.28703333333333,197.3568568889351,85.27823235695847,Lluvia extrema,31.3333,33.15,31.3333,33.15,31.3333,33.15
Carabobo,JuanJoséMora,VE0805,2025-06-21,99.0901564886847,35.73393333333333,177.29988625755732,75.37579215047657,Lluvia extrema,34.7296,36.7796,34.7296,36.7796,34.7296,36.7796
Táchira,Junín,VE2014,2025-06-21,100.0489467796056,43.891333333333336,127.94692979541654,14.705524255334328,Lluvia extrema,39.9481,49.0333,39.9481,49.0333,39.9481,49.0333
Mérida,JustoBriceño,VE1411,2025-06-21,97.99081796424582,36.71176666666666,166.91937452636668,30.429218763052827,Lluvia extrema,33.8745,38.1549,33.8745,38.1549,33.8745,38.1549
Zulia,Lagunillas,VE2310,2025-06-21,106.6122470802252,30.524733333333334,249.2651218800444,77.76276018533056,Lluvia extrema,29.543,31.8538,29.543,31.8538,29.543,31.8538
Miranda,Lander,VE1512,2025-06-21,93.2903151601962,61.418933333333335,51.8917866155217,11.240405422832248,Lluvia extrema,58.3431,65.1647,58.3431,65.1647,58.3431,65.1647
Anzoátegui,Libertad,VE0311,2025-06-21,101.1409010944228,38.4,163.38776326672607,31.529958579897684,Lluvia extrema,36.4471,41.1186,36.4471,41.1186,36.4471,41.1186
Táchira,Libertad,VE2015,2025-06-21,100.86013829947882,29.2574,244.73377094163806,38.95623857002579,Lluvia extrema,27.8611,31.8444,27.8611,31.8444,27.8611,31.8444
DistritoCapital,Libertador,VE0101,2025-06-21,96.36248350843098,35.28333333333333,173.11048703381482,18.408204909135883,Lluvia extrema,32.7083,39.95,32.7083,39.95,32.7083,39.95
Aragua,Libertador,VE0507,2025-06-21,104.40890730770448,40.8,155.90418457770707,27.146990926160083,Lluvia extrema,38.2667,43.9,38.2667,43.9,38.2667,43.9
Carabobo,Libertador,VE0806,2025-06-21,97.7219223772814,57.48126666666667,70.00655699529017,24.898744089011064,Lluvia extrema,55.2754,59.0737,55.2754,59.0737,55.2754,59.0737
Mérida,Libertador,VE1412,2025-06-21,96.1438130737942,52.1688,84.29370250761798,19.09800545254454,Lluvia extrema,50.3833,55.4074,50.3833,55.4074,50.3833,55.4074
Monagas,Libertador,VE1607,2025-06-21,90.2566072372458,54.169133333333335,66.61999497360576,6.098799097090873,Lluvia extrema,46.1529,60.1609,46.1529,60.1609,46.1529,60.1609
Sucre,Libertador,VE1909,2025-06-21,102.57203270024932,75.6037,35.67065196577591,6.092142029533004,Lluvia extrema,71.0778,81.5833,71.0778,81.5833,71.0778,81.5833
Táchira,Libertador,VE2016,2025-06-21,84.37411445040709,126.6278,-33.36841163598587,-9.054767649978935,Sequía extrema,120.9588,132.3465,120.9588,132.3465,120.9588,132.3465
Cojedes,LimaBlanco,VE0904,2025-06-21,104.0500955682417,76.02443333333332,36.86401990269144,10.207847533239875,Lluvia extrema,72.2067,78.4733,72.2067,78.4733,72.2067,78.4733
Táchira,Lobatera,VE2017,2025-06-21,96.70049721823196,22.2,335.5878253073512,79.34308332874994,Lluvia extrema,20.9857,23.2619,20.9857,23.2619,20.9857,23.2619
Amazonas,Manapiare,VE0206,2025-06-21,113.16664642736502,145.22233333333332,-22.073524209523537,-7.444488025574107,Sequía extrema,141.574,151.2445,141.574,151.2445,141.574,151.2445
NuevaEsparta,Maneiro,VE1706,2025-06-21,118.43958657429866,21.788866666666667,443.57846319511185,36.071532335067104,Lluvia extrema,18.6,25.1333,18.6,25.1333,18.6,25.1333
Yaracuy,ManuelMonge,VE2208,2025-06-21,97.81226080718156,47.85983333333333,104.3723389631143,23.80054804677442,Lluvia extrema,46.2128,50.8103,46.2128,50.8103,46.2128,50.8103
Zulia,Mara,VE2312,2025-06-21,117.13202053366864,25.644633333333335,356.7506152697392,42.331257631785554,Lluvia extrema,23.4984,28.5885,23.4984,28.5885,23.4984,28.5885
Zulia,Maracaibo,VE2313,2025-06-21,114.0154910350222,11.2954,909.3975515255963,102.9639397962469,Lluvia extrema,10.0556,12.4889,10.0556,12.4889,10.0556,12.4889
NuevaEsparta,Marcano,VE1707,2025-06-21,117.91418101425734,25.888866666666665,355.4628927270822,40.90463617488849,Lluvia extrema,23.4,28.8333,23.4,28.8333,23.4,28.8333
NuevaEsparta,Mariño,VE1708,2025-06-21,97.93646872728488,20.722233333333335,372.61541336737287,48.12589666258038,Lluvia extrema,19.3667,22.9667,19.3667,22.9667,19.3667,22.9667
Sucre,Mariño,VE1910,2025-06-21,102.13910209534173,47.4378,115.31163353979679,20.193833792081037,Lluvia extrema,44.2978,50.8867,44.2978,50.8867,44.2978,50.8867
Monagas,Maturín,VE1608,2025-06-21,98.79265277585635,62.44736666666667,58.20147117362785,5.614419483672413,Lluvia extrema,53.901,69.48,53.901,69.48,53.901,69.48
Falcón,Mauroa,VE1113,2025-06-21,98.5767394035734,31.679733333333335,211.16656938475933,83.53360959539586,Lluvia extrema,30.6464,32.5889,30.6464,32.5889,30.6464,32.5889
Sucre,Mejía,VE1911,2025-06-21,104.21111807132766,42.53493333333333,145.00124933700224,71.6414710149012,Lluvia extrema,41.8,43.7381,41.8,43.7381,41.8,43.7381
Táchira,Michelena,VE2018,2025-06-21,89.87288453042433,23.603666666666665,280.75814999261837,134.4603332805432,Lluvia extrema,22.9444,24.1222,22.9444,24.1222,22.9444,24.1222
Carabobo,Miranda,VE0808,2025-06-21,97.8408287148737,52.144466666666666,87.63415366834774,30.808053120735824,Lluvia extrema,50.0667,53.3778,50.0667,53.3778,50.0667,53.3778
Falcón,Miranda,VE1114,2025-06-21,90.98706119916712,11.341966666666668,702.2159108135313,72.62108548159884,Lluvia extrema,9.9329,12.5958,9.9329,12.5958,9.9329,12.5958
Mérida,Miranda,VE1413,2025-06-21,99.22083757467952,30.847433333333335,221.65022127614998,57.20907741660888,Lluvia extrema,29.1756,31.8578,29.1756,31.8578,29.1756,31.8578
Trujillo,Miranda,VE2110,2025-06-21,111.1520840331704,22.245466666666665,399.6617319776182,49.95061738281256,Lluvia extrema,20.7485,24.7364,20.7485,24.7364,20.7485,24.7364
Zulia,Miranda,VE2314,2025-06-21,107.51965077475164,23.359,360.2921819202519,107.02979061279429,Lluvia extrema,22.4585,24.3682,22.4585,24.3682,22.4585,24.3682
Falcón,MonseñorIturriza,VE1115,2025-06-21,89.77404894046848,42.980066666666666,108.87368471695052,51.84149926706441,Lluvia extrema,41.7196,43.7569,41.7196,43.7569,41.7196,43.7569
Carabobo,Montalbán,VE0809,2025-06-21,96.813761840864,45.4611,112.95956728029901,80.13392674673604,Lluvia extrema,44.5583,45.925,44.5583,45.925,44.5583,45.925
Trujillo,MonteCarmelo,VE2111,2025-06-21,102.71561170554024,33.68556666666667,204.92469585551544,42.29010431325106,Lluvia extrema,31.3867,34.8933,31.3867,34.8933,31.3867,34.8933
Sucre,Montes,VE1912,2025-06-21,99.62467630438478,45.164633333333335,120.58116927267893,126.56863995945298,Lluvia extrema,44.8293,45.7697,44.8293,45.7697,44.8293,45.7697
Lara,Morán,VE1305,2025-06-21,103.39452783612238,50.5695,104.46025338617622,33.3758774537151,Lluvia extrema,49.4477,52.7995,49.4477,52.7995,49.4477,52.7995
Trujillo,Motatán,VE2112,2025-06-21,113.26318291095076,22.037766666666666,413.950368129941,57.831107559677655,Lluvia extrema,20.8933,24.26,20.8933,24.26,20.8933,24.26
Apure,Muñoz,VE0403,2025-06-21,119.42011570399887,104.24556666666666,14.55654136914428,2.3530554765775955,Lluvia extrema,97.1044,112.6816,97.1044,112.6816,97.1044,112.6816
Carabobo,Naguanagua,VE0810,2025-06-21,99.5013366089858,45.2352,119.96440075203775,59.432078890078444,Lluvia extrema,43.95,45.9278,43.95,45.9278,43.95,45.9278
Yaracuy,Nirgua,VE2209,2025-06-21,95.7926283057988,62.18316666666666,54.04913168751266,12.478984574511701,Lluvia extrema,58.8188,65.3855,58.8188,65.3855,58.8188,65.3855
Barinas,Obispos,VE0608,2025-06-21,109.87322691307398,90.4124,21.52451092225621,4.485933132570188,Lluvia extrema,86.1817,96.3483,86.1817,96.3483,86.1817,96.3483
Guárico,Ortíz,VE1210,2025-06-21,105.36848619566416,64.48576666666666,63.3980514495925,17.70689288714621,Lluvia extrema,62.6746,67.7316,62.6746,67.7316,62.6746,67.7316
Portuguesa,Ospino,VE1807,2025-06-21,110.01646816774046,99.35573333333333,10.729863770056339,2.67741903557202,Lluvia extrema,95.5576,104.8305,95.5576,104.8305,95.5576,104.8305
Mérida,PadreNoguera,VE1415,2025-06-21,91.82416041645706,107.3111,-14.431815146376223,-3.8000095704257175,Sequía extrema,101.7111,111.2111,101.7111,111.2111,101.7111,111.2111
Bolívar,PadrePedroChien,VE0711,2025-06-21,90.51608887177304,61.8575,46.33001474643014,8.104880909435536,Lluvia extrema,57.2938,65.87,57.2938,65.87,57.2938,65.87
Apure,Páez,VE0404,2025-06-21,95.2116434212444,124.5298,-23.543084931281992,-4.506388760537337,Sequía extrema,116.8937,132.7396,116.8937,132.7396,116.8937,132.7396
Miranda,Páez,VE1514,2025-06-21,93.1277963434072,51.8997,79.43802438820879,30.424431671175768,Lluvia extrema,50.2963,53.5991,50.2963,53.5991,50.2963,53.5991
Portuguesa,Páez,VE1808,2025-06-21,109.01007267893311,81.1763,34.28805289097078,6.553290302536177,Lluvia extrema,77.4911,87.1022,77.4911,87.1022,77.4911,87.1022
Lara,Palavecino,VE1306,2025-06-21,87.08484105458628,55.4125,57.15739418829015,10.111230652449617,Lluvia extrema,52.4583,59.7292,52.4583,59.7292,52.4583,59.7292
Falcón,PalmaSola,VE1116,2025-06-21,93.86479844568233,42.05063333333334,123.21851302837845,33.29109817065421,Lluvia extrema,40.3704,44.1111,40.3704,44.1111,40.3704,44.1111
Trujillo,Pampán,VE2113,2025-06-21,110.84369211321642,26.4689,318.769545063136,70.2549645866954,Lluvia extrema,25.4867,28.1533,25.4867,28.1533,25.4867,28.1533
Trujillo,Pampanito,VE2114,2025-06-21,112.70309420269638,22.4389,402.2665736854141,58.045069510350906,Lluvia extrema,21.1417,24.6167,21.1417,24.6167,21.1417,24.6167
Táchira,Panamericano,VE2019,2025-06-21,88.76640193685378,35.724266666666665,148.47648452831442,397.1856222938109,Lluvia extrema,35.5364,35.8273,35.5364,35.8273,35.5364,35.8273
Portuguesa,Papelón,VE1809,2025-06-21,106.04884869224172,96.7448,9.617104683912423,2.0081505828798742,Lluvia extrema,93.2112,103.2651,93.2112,103.2651,93.2112,103.2651
Miranda,PazCastillo,VE1515,2025-06-21,107.14964638687104,58.776066666666665,82.30149185474198,15.214672181329338,Lluvia extrema,56.4231,63.2538,56.4231,63.2538,56.4231,63.2538
DeltaAmacuro,Pedernales,VE1003,2025-06-21,106.25425526803132,78.04003333333334,36.153523684678895,3.647063359918115,Lluvia extrema,69.5944,88.2303,69.5944,88.2303,69.5944,88.2303
Barinas,Pedraza,VE0609,2025-06-21,104.17784595417876,97.70576666666668,6.624050461209987,1.458191466294592,Lluvia extrema,92.1241,102.9388,92.1241,102.9388,92.1241,102.9388
Apure,PedroCamejo,VE0405,2025-06-21,101.8555120159367,129.11593333333334,-21.113135004817362,-2.9220200113338617,Sequía extrema,117.6298,140.3942,117.6298,140.3942,117.6298,140.3942
Miranda,PedroGual,VE1516,2025-06-21,96.8390756888343,44.423833333333334,117.9890127045189,28.744149367860125,Lluvia extrema,41.9648,46.2981,41.9648,46.2981,41.9648,46.2981
Táchira,PedroMaríaUreña,VE2020,2025-06-21,99.2778529769109,14.366633333333333,591.0307423700118,53.516623835789574,Lluvia extrema,12.9533,16.5733,12.9533,16.5733,12.9533,16.5733
Yaracuy,Peña,VE2210,2025-06-21,88.51524298123493,48.2513,83.44633819448377,16.12150849562609,Lluvia extrema,45.0154,51.0667,45.0154,51.0667,45.0154,51.0667
Falcón,Petit,VE1117,2025-06-21,84.51464913413926,34.2244,146.94267579311622,17.291035375025963,Lluvia extrema,30.2056,36.9278,30.2056,36.9278,30.2056,36.9278
Bolívar,Piar,VE0706,2025-06-21,100.94845606808686,80.55073333333334,25.322826857881097,5.062271266537516,Lluvia extrema,75.2617,84.9821,75.2617,84.9821,75.2617,84.9821
Monagas,Piar,VE1609,2025-06-21,102.86794428318588,55.9305,83.92101676757025,12.184511099045269,Lluvia extrema,50.5781,59.3867,50.5781,59.3867,50.5781,59.3867
Anzoátegui,Píritu,VE0314,2025-06-21,102.02821682738151,40.657133333333334,150.94788653909404,24.411187465123383,Lluvia extrema,38.0,44.0143,38.0,44.0143,38.0,44.0143
Falcón,Píritu,VE1118,2025-06-21,88.75299470148549,25.7743,244.34686762195477,29.92524388976656,Lluvia extrema,23.2252,28.3607,23.2252,28.3607,23.2252,28.3607
Miranda,Plaza,VE1517,2025-06-21,117.43271574853463,48.10183333333334,144.13355502430878,30.544783716801973,Lluvia extrema,45.2611,50.7944,45.2611,50.7944,45.2611,50.7944
Mérida,PuebloLlano,VE1416,2025-06-21,91.96079068166914,39.6185,132.11578096512775,114.47562548475022,Lluvia extrema,39.0333,40.1444,39.0333,40.1444,39.0333,40.1444
Carabobo,PuertoCabello,VE0811,2025-06-21,97.7036963445368,35.06276666666667,178.65369916008754,82.50665596375866,Lluvia extrema,34.0373,35.8392,34.0373,35.8392,34.0373,35.8392
Monagas,Punceres,VE1610,2025-06-21,94.40162221153496,68.4263,37.96102114469866,5.930237888720584,Lluvia extrema,62.5877,73.0772,62.5877,73.0772,62.5877,73.0772
Trujillo,RafaelRangel,VE2115,2025-06-21,107.8380683890339,29.65,263.7034347016321,63.995692625747814,Lluvia extrema,28.0,30.9,28.0,30.9,28.0,30.9
Táchira,RafaelUrdaneta,VE2021,2025-06-21,95.7975652835646,51.49166666666667,86.04479420663135,11.58318836770654,Lluvia extrema,47.0,56.3167,47.0,56.3167,47.0,56.3167
Mérida,Rangel,VE1417,2025-06-21,98.27872825355544,39.6064,148.13850350841142,72.52466732669667,Lluvia extrema,38.6564,40.6269,38.6564,40.6269,38.6564,40.6269
Sucre,Ribero,VE1913,2025-06-21,106.9631348484004,41.319066666666664,158.87113015234388,47.190272539714414,Lluvia extrema,40.2275,43.2746,40.2275,43.2746,40.2275,43.2746
Cojedes,Ricaurte,VE0906,2025-06-21,109.8240681405535,78.81333333333335,39.347066664549345,12.850720740605347,Lluvia extrema,76.2943,82.0505,76.2943,82.0505,76.2943,82.0505
Mérida,RivasDavila,VE1418,2025-06-21,88.53614668023519,27.564433333333334,221.19704987067342,72.68909995195763,Lluvia extrema,26.5933,28.6333,26.5933,28.6333,26.5933,28.6333
Barinas,Rojas,VE0610,2025-06-21,111.46306095219956,90.60586666666666,23.01969513990216,5.309482523059269,Lluvia extrema,87.1,96.0679,87.1,96.0679,87.1,96.0679
Apure,RómuloGallegos,VE0406,2025-06-21,105.3773468072167,123.17866666666666,-14.451625708550692,-1.640759874613675,Sequía extrema,108.6056,134.4623,108.6056,134.4623,108.6056,134.4623
Cojedes,RomuloGallegos,VE0907,2025-06-21,107.66979911606325,74.77296666666666,43.99562290479748,13.669060814250587,Lluvia extrema,71.4078,76.8167,71.4078,76.8167,71.4078,76.8167
Bolívar,Roscio,VE0708,2025-06-21,103.03291533782304,85.51853333333334,20.48021793851668,4.332482935138377,Lluvia extrema,80.4887,90.3481,80.4887,90.3481,80.4887,90.3481
Táchira,SamuelDarioMaldonado,VE2022,2025-06-21,98.78215677117284,38.506433333333334,156.5341638267532,60.071675594788594,Lluvia extrema,37.6298,39.9053,37.6298,39.9053,37.6298,39.9053
Aragua,SantiagoMariño,VE0511,2025-06-21,95.15809594178609,42.027766666666665,126.41720816742445,19.59640914666598,Lluvia extrema,38.8625,45.4625,38.8625,45.4625,38.8625,45.4625
Táchira,Seboruco,VE2024,2025-06-21,89.6130693974265,35.94446666666666,149.30977618463254,100.08458012819425,Lluvia extrema,35.5667,36.7,35.5667,36.7,35.5667,36.7
Bolívar,Sifontes,VE0709,2025-06-21,101.13015352625676,100.5634,0.563578325968256,0.17323159879521613,Normal,95.9604,103.0792,95.9604,103.0792,95.9604,103.0792
Falcón,Silva,VE1120,2025-06-21,95.38102277273548,38.122233333333334,150.19788829983415,70.37065789026981,Lluvia extrema,36.9769,38.7385,36.9769,38.7385,36.9769,38.7385
Miranda,SimónBolívar,VE1518,2025-06-21,98.47819511389146,59.22776666666667,66.27031653603595,12.785377862532703,Lluvia extrema,56.9222,63.55,56.9222,63.55,56.9222,63.55
Zulia,SimónBolívar,VE2319,2025-06-21,113.75494498290674,22.89206666666667,396.91863403729417,93.05774359778704,Lluvia extrema,22.1571,24.2667,22.1571,24.2667,22.1571,24.2667
Lara,SimónPlanas,VE1307,2025-06-21,91.9582348213626,74.3218,23.72982734724213,4.609214701692488,Lluvia extrema,70.2222,79.4037,70.2222,79.4037,70.2222,79.4037
Anzoátegui,SimónRodríguez,VE0319,2025-06-21,107.06745652740034,51.213633333333334,109.06045823878995,17.94672634745488,Lluvia extrema,47.0379,54.4606,47.0379,54.4606,47.0379,54.4606
Táchira,SimónRodriguez,VE2025,2025-06-21,99.28316231018766,27.95553333333333,255.14672936611595,71.04761777710576,Lluvia extrema,26.7333,29.1833,26.7333,29.1833,26.7333,29.1833
Barinas,Sosa,VE0611,2025-06-21,115.19801211072952,93.8989,22.683026223661308,4.092423503523515,Lluvia extrema,88.9792,101.068,88.9792,101.068,88.9792,101.068
Monagas,Sotillo,VE1612,2025-06-21,89.5794008119043,64.09373333333333,39.763119033848824,3.826637239050172,Lluvia extrema,55.4256,71.5406,55.4256,71.5406,55.4256,71.5406
Aragua,Sucre,VE0513,2025-06-21,98.99317921754924,41.281466666666674,139.8005381370879,20.148849264279377,Lluvia extrema,37.8222,44.8111,37.8222,44.8111,37.8222,44.8111
Bolívar,Sucre,VE0710,2025-06-21,107.59852211930456,140.3521,-23.3367209188145,-4.409547945045252,Sequía extrema,130.2987,147.8975,130.2987,147.8975,130.2987,147.8975
Falcón,Sucre,VE1121,2025-06-21,87.7116995186198,13.110266666666666,569.0306288096336,91.57867014371217,Lluvia extrema,11.9872,13.8769,11.9872,13.8769,11.9872,13.8769
Mérida,Sucre,VE1420,2025-06-21,96.60389933514868,29.4026,228.55563567558204,44.203243949339345,Lluvia extrema,27.8311,31.4489,27.8311,31.4489,27.8311,31.4489
Miranda,Sucre,VE1519,2025-06-21,109.79191685514571,43.0127,155.25465003393347,24.858342167334946,Lluvia extrema,39.8333,46.381,39.8333,46.381,39.8333,46.381
Portuguesa,Sucre,VE1813,2025-06-21,106.5829520100536,87.9786,21.14645153486598,5.887059675853697,Lluvia extrema,85.3286,92.4024,85.3286,92.4024,85.3286,92.4024
Sucre,Sucre,VE1914,2025-06-21,95.58253339333686,45.26,111.18544717926834,30.82531554010606,Lluvia extrema,43.366,47.3373,43.366,47.3373,43.366,47.3373
Táchira,Sucre,VE2026,2025-06-21,91.06708595929878,55.391666666666666,64.4057516942358,10.013476806762455,Lluvia extrema,51.9611,60.2806,51.9611,60.2806,51.9611,60.2806
Trujillo,Sucre,VE2117,2025-06-21,110.27858517575086,24.791633333333333,344.82178198189524,42.844323231379896,Lluvia extrema,22.5333,27.3708,22.5333,27.3708,22.5333,27.3708
Yaracuy,Sucre,VE2212,2025-06-21,96.93371673176928,51.31666666666667,88.8932446867865,13.492642202093572,Lluvia extrema,47.9917,55.9333,47.9917,55.9333,47.9917,55.9333
Zulia,Sucre,VE2320,2025-06-21,98.4597869382347,35.71333333333333,175.69475528719818,29.21057649888075,Lluvia extrema,32.8292,37.95,32.8292,37.95,32.8292,37.95
Cojedes,Tinaco,VE0909,2025-06-21,106.7914921206385,73.00436666666667,46.28096509383022,13.475319973021797,Lluvia extrema,69.599,75.5212,69.599,75.5212,69.599,75.5212
Falcón,Tocópero,VE1122,2025-06-21,102.5593547042504,22.42223333333333,357.40026508324513,22.84259066054768,Lluvia extrema,18.4167,26.9333,18.4167,26.9333,18.4167,26.9333
Táchira,Torbes,VE2027,2025-06-21,92.8387655437354,73.3926,26.496084814729826,2.8595174235031577,Lluvia extrema,67.8556,82.9333,67.8556,82.9333,67.8556,82.9333
Lara,Torres,VE1308,2025-06-21,94.25604533756476,19.9797,371.7590621358918,53.196173189172804,Lluvia extrema,18.6989,21.9133,18.6989,21.9133,18.6989,21.9133
Aragua,Tovar,VE0514,2025-06-21,96.71655958535082,41.01976666666666,135.78037479170814,16.688933242826334,Lluvia extrema,37.7963,45.5963,37.7963,45.5963,37.7963,45.5963
Mérida,Tovar,VE1421,2025-06-21,96.34665188102908,24.307433333333332,296.3670312690181,92.83908397492891,Lluvia extrema,23.4778,25.3389,23.4778,25.3389,23.4778,25.3389
Trujillo,Trujillo,VE2118,2025-06-21,112.39302584269026,27.58,307.5164098719734,116.86145581410852,Lluvia extrema,26.6911,28.4622,26.6911,28.4622,26.6911,28.4622
NuevaEsparta,Tubores,VE1710,2025-06-21,103.27323429348836,20.084466666666668,414.1945564573369,342.68463782485753,Lluvia extrema,19.7467,20.3,19.7467,20.3,19.7467,20.3
DeltaAmacuro,Tucupita,VE1004,2025-06-21,102.09062654941664,80.72006666666667,26.474903658094895,3.4975367250572313,Lluvia extrema,73.4497,88.3481,73.4497,88.3481,73.4497,88.3481
Mérida,TulioFebresCordero,VE1422,2025-06-21,99.27873403173218,44.22303333333333,124.49553218887937,22.0662964246715,Lluvia extrema,40.9615,46.9897,40.9615,46.9897,40.9615,46.9897
Portuguesa,Turén,VE1814,2025-06-21,111.30115305615205,86.16206666666666,29.17651277648716,8.112727379897986,Lluvia extrema,83.8346,90.5248,83.8346,90.5248,83.8346,90.5248
Falcón,Unión,VE1123,2025-06-21,90.9325005883137,38.896033333333335,133.7834807190631,19.022612797280676,Lluvia extrema,35.0419,40.8473,35.0419,40.8473,35.0419,40.8473
Yaracuy,Urachiche,VE2213,2025-06-21,90.3403778448791,54.4852,65.80718772231559,8.589938733414908,Lluvia extrema,49.4667,59.65,49.4667,59.65,49.4667,59.65
Monagas,Uracoa,VE1613,2025-06-21,89.8442897013648,59.9117,49.96117569917863,5.126556056613373,Lluvia extrema,52.2859,66.3972,52.2859,66.3972,52.2859,66.3972
Aragua,Urdaneta,VE0515,2025-06-21,95.17834127117838,62.09473333333334,53.279249562515304,13.934513084710169,Lluvia extrema,59.1226,64.9103,59.1226,64.9103,59.1226,64.9103
Lara,Urdaneta,VE1309,2025-06-21,90.3199847592655,24.630266666666664,266.70323542010175,50.08165932167668,Lluvia extrema,22.7822,25.5586,22.7822,25.5586,22.7822,25.5586
Miranda,Urdaneta,VE1520,2025-06-21,95.93308070984376,60.93113333333333,57.445094915643196,9.165435924381383,Lluvia extrema,56.4867,65.78,56.4867,65.78,56.4867,65.78
Trujillo,Urdaneta,VE2119,2025-06-21,104.36467715534798,27.798066666666667,275.43861739310876,117.78768451199372,Lluvia extrema,27.0667,28.6412,27.0667,28.6412,27.0667,28.6412
Táchira,Uribante,VE2028,2025-06-21,86.50682216279749,72.43233333333333,19.43122384956648,3.625965570146833,Lluvia extrema,67.5394,76.9947,67.5394,76.9947,67.5394,76.9947
Falcón,Urumaco,VE1124,2025-06-21,83.63446273622229,19.030933333333333,339.4659014948765,92.97863062992988,Lluvia extrema,18.094,19.7452,18.094,19.7452,18.094,19.7452
Sucre,Valdez,VE1915,2025-06-21,107.73679952565789,48.1963,123.5374904829995,18.5809537591172,Lluvia extrema,45.4574,52.6741,45.4574,52.6741,45.4574,52.6741
Carabobo,Valencia,VE0814,2025-06-21,100.47144351593234,58.9,70.57970036660838,25.430158424580362,Lluvia extrema,57.2037,61.0975,57.2037,61.0975,57.2037,61.0975
Trujillo,Valera,VE2120,2025-06-21,105.25011996773836,24.915566666666663,322.42715718983595,116.77666169179437,Lluvia extrema,24.18,25.83,24.18,25.83,24.18,25.83
Zulia,ValmoreRodríguez,VE2321,2025-06-21,104.25173732552634,37.32656666666667,179.29634744206223,92.65903117132056,Lluvia extrema,36.3843,38.1306,36.3843,38.1306,36.3843,38.1306
Yaracuy,Veroes,VE2214,2025-06-21,98.95820398588398,43.2768,128.663403915918,32.453635228537074,Lluvia extrema,41.8176,45.6755,41.8176,45.6755,41.8176,45.6755
Falcón,Zamora,VE1125,2025-06-21,82.18690294706126,27.38596666666667,200.10590441233742,14.776784828466274,Lluvia extrema,22.9971,32.0362,22.9971,32.0362,22.9971,32.0362
Miranda,Zamora,VE1521,2025-06-21,110.88412634913831,53.81373333333333,106.05172598284388,26.397102265533395,Lluvia extrema,51.4216,56.6431,51.4216,56.6431,51.4216,56.6431
Mérida,Zea,VE1423,2025-06-21,98.5183456523812,30.7389,220.50055679409869,89.99622289040168,Lluvia extrema,30.2,31.8,30.2,31.8,30.2,31.8
Trujillo,JoséFelipeMárquezCañizalez,VE2107,2025-06-21,100.05837522441225,27.649533333333334,261.8808824660533,34.56578029135336,Lluvia extrema,26.0708,30.5986,26.0708,30.5986,26.0708,30.5986
Yaracuy,LaTrinidad,VE2207,2025-06-21,95.06748616053233,56.6,67.9637564673716,12.711890352355926,Lluvia extrema,53.0667,60.4333,53.0667,60.4333,53.0667,60.4333
Anzoátegui,Guanipa,VE0315,2025-06-21,102.39124259618622,55.3249,85.07262118175761,14.665256033285285,Lluvia extrema,50.803,57.5909,50.803,57.5909,50.803,57.5909
Mérida,ObispoRamosdeLora,VE1414,2025-06-21,94.431401251908,36.6926,157.3581628227708,26.3217680643164,Lluvia extrema,33.9972,39.35,33.9972,39.35,33.9972,39.35
Trujillo,LaCeiba,VE2109,2025-06-21,103.43331433355992,27.959033333333334,269.9459602211804,48.55790190352855,Lluvia extrema,26.1458,29.9292,26.1458,29.9292,26.1458,29.9292
Bolívar,ElCallao,VE0703,2025-06-21,102.15484036365304,77.0094,32.65242991589733,7.581936390632828,Lluvia extrema,72.3464,79.6032,72.3464,79.6032,72.3464,79.6032
Miranda,ElHatillo,VE1509,2025-06-21,107.03135811031753,51.0689,109.58226652682457,16.182220933153484,Lluvia extrema,48.1467,55.9067,48.1467,55.9067,48.1467,55.9067
Anzoátegui,Anaco,VE0317,2025-06-21,103.5417568488578,45.63173333333334,126.90734996301796,24.570496355810043,Lluvia extrema,42.925,48.6512,42.925,48.6512,42.925,48.6512
Guárico,Miranda,VE1208,2025-06-21,100.41007268963853,76.59013333333333,31.100532561598712,9.278504676134899,Lluvia extrema,73.8491,80.0046,73.8491,80.0046,73.8491,80.0046
Aragua,SantosMichelena,VE0512,2025-06-21,95.45148961497772,53.725,77.66680244760859,7.913797836378922,Lluvia extrema,47.6458,60.4625,47.6458,60.4625,47.6458,60.4625
Táchira,GarcíadeHevia,VE2009,2025-06-21,96.77351455468508,41.7291,131.90894257169475,87.86079635258056,Lluvia extrema,40.9111,42.4254,40.9111,42.4254,40.9111,42.4254
Zulia,MachiquesdePerijá,VE2311,2025-06-21,92.49872816835024,68.09443333333333,35.83889848316076,11.043927784911181,Lluvia extrema,64.981,69.6622,64.981,69.6622,64.981,69.6622
Bolívar,Angostura,VE0705,2025-06-21,98.0904540481537,58.37546666666667,68.03369574459425,10.440696023781594,Lluvia extrema,53.2856,62.3741,53.2856,62.3741,53.2856,62.3741
Miranda,LosSalias,VE1513,2025-06-21,100.7179874177476,47.22776666666667,113.26011057989386,12.434621547401939,Lluvia extrema,43.15,53.15,43.15,53.15,43.15,53.15
Aragua,FranciscoLinares,VE0517,,,,,,,,,,,,
Guárico,Roscio,VE1212,2025-06-21,101.11958173831908,61.57533333333333,64.22092462076657,10.233715823409444,Lluvia extrema,57.9744,66.9122,57.9744,66.9122,57.9744,66.9122
Anzoátegui,Bolívar,VE0318,2025-06-21,105.90147826041397,40.4748,161.64793466654305,36.876229292712786,Lluvia extrema,38.2446,42.5679,38.2446,42.5679,38.2446,42.5679
Zulia,RosariodePerijá,VE2316,2025-06-21,96.94339282323028,41.93646666666667,131.16728835022727,19.69908078005297,Lluvia extrema,39.087,45.7106,39.087,45.7106,39.087,45.7106
Trujillo,JuanVicenteCamposElías,VE2108,2025-06-21,107.50968256091844,56.666666666666664,89.72296922515018,23.48934127098057,Lluvia extrema,54.9889,59.7111,54.9889,59.7111,54.9889,59.7111
Aragua,SanCasimiro,VE0509,2025-06-21,93.78827755135296,60.292566666666666,55.555291035909285,12.00706153687984,Lluvia extrema,57.1111,63.8822,57.1111,63.8822,57.1111,63.8822
Zulia,SanFrancisco,VE2317,2025-06-21,115.00176157704084,12.403166666666667,827.1967769820141,124.0621118272536,Lluvia extrema,11.5333,13.5095,11.5333,13.5095,11.5333,13.5095
Falcón,SanFrancisco,VE1119,2025-06-21,80.39982169315697,40.899,96.58138754775658,33.82623970379908,Lluvia extrema,39.4091,42.2485,39.4091,42.2485,39.4091,42.2485
Anzoátegui,GeneralSirArthurMcGregor,VE0320,2025-06-21,95.43026707973284,53.329366666666665,78.9450598133227,15.234519149661995,Lluvia extrema,49.8526,56.5859,49.8526,56.5859,49.8526,56.5859
Carabobo,LosGuayos,VE0807,2025-06-21,101.19788092714286,48.0278,110.70688419445167,32.06901134250938,Lluvia extrema,45.7667,49.6667,45.7667,49.6667,45.7667,49.6667
Guárico,ElSocorro,VE1203,2025-06-21,93.65993749326836,56.097633333333334,66.95880365707946,9.278315310828981,Lluvia extrema,51.0216,60.889,51.0216,60.889,51.0216,60.889
Anzoátegui,Miranda,VE0305,2025-06-21,96.32563872662232,56.381233333333334,70.8469876086824,12.057099532240908,Lluvia extrema,51.7135,58.739,51.7135,58.739,51.7135,58.739
Guárico,Ribas,VE1211,2025-06-21,94.36218569929406,52.426433333333335,79.98971072345958,24.39375670924709,Lluvia extrema,50.0068,53.7324,50.0068,53.7324,50.0068,53.7324
Zulia,LaCañadadeUrdaneta,VE2309,2025-06-21,114.73016677412927,22.375433333333334,412.7505915302762,61.510020445126,Lluvia extrema,21.1813,24.4848,21.1813,24.4848,21.1813,24.4848
Táchira,FranciscodeMiranda,VE2008,2025-06-21,87.44362862125155,65.05223333333333,34.42064036938247,5.572529878055175,Lluvia extrema,60.3367,70.1233,60.3367,70.1233,60.3367,70.1233
Anzoátegui,Carvajal,VE0304,2025-06-21,105.84656611069342,45.06946666666666,134.85204937864827,114.20078129956703,Lluvia extrema,44.6417,45.8167,44.6417,45.8167,44.6417,45.8167
Carabobo,SanDiego,VE0812,2025-06-21,100.97712925245034,45.6722,121.09101215279827,42.22688390944212,Lluvia extrema,43.8333,46.725,43.8333,46.725,43.8333,46.725
Portuguesa,MonseñorJoséVicentedeUnda,VE1806,2025-06-21,103.63402144555572,72.0,43.93614089660517,15.738047499649507,Lluvia extrema,70.475,74.8292,70.475,74.8292,70.475,74.8292
Guárico,Monagas,VE1209,2025-06-21,94.18751073006626,54.6654,72.2982192210544,28.89161977058815,Lluvia extrema,53.3487,56.5427,53.3487,56.5427,53.3487,56.5427
Guárico,LasMercedes,VE1206,2025-06-21,97.33786349909812,66.58193333333332,46.19260605093794,7.273212707369303,Lluvia extrema,62.141,72.2422,62.141,72.2422,62.141,72.2422
Anzoátegui,Lic.DiegoBautistaUrban,VE0321,,,,,,,,,,,,
Carabobo,CarlosArevalo,VE0802,2025-06-21,103.54300355807791,51.9,99.50482381132547,25.405792594077727,Lluvia extrema,50.4547,54.764,50.4547,54.764,50.4547,54.764
Mérida,SantosMarquina,VE1419,2025-06-21,99.93537218796344,58.525,70.75672308921561,28.562294218237593,Lluvia extrema,57.1361,60.5167,57.1361,60.5167,57.1361,60.5167
Barinas,AntonioJosédeSucre,VE0602,2025-06-21,99.11613722881808,89.13393333333333,11.199106246275917,2.5164258956189913,Lluvia extrema,83.5531,92.1877,83.5531,92.1877,83.5531,92.1877
Apure,SanFernando,VE0407,2025-06-21,107.04847327292968,101.11343333333333,5.869684911233045,0.71255148470161,Normal,94.1729,112.7792,94.1729,112.7792,94.1729,112.7792
Aragua,MarioBriceñoIragorry,VE0508,2025-06-21,92.71147112240192,39.3111,135.8404397801179,22.340286808102018,Lluvia extrema,36.4,42.2333,36.4,42.2333,36.4,42.2333
Guárico,Mellado,VE1207,2025-06-21,100.3960316170502,62.2454,61.290684318921905,14.61299700426766,Lluvia extrema,59.7256,65.8261,59.7256,65.8261,59.7256,65.8261
Guárico,Zaraza,VE1215,2025-06-21,92.8159492254738,50.2578,84.67968996946506,15.219786711543568,Lluvia extrema,46.328,52.4657,46.328,52.4657,46.328,52.4657
Guárico,SanGerónimodeGuayabal,VE1204,2025-06-21,103.55647559433224,88.61126666666667,16.86603689335093,2.2777540247084684,Lluvia extrema,83.6553,97.8478,83.6553,97.8478,83.6553,97.8478
Anzoátegui,Freites,VE0313,2025-06-21,104.62548462430084,47.5858,119.86702887058922,20.68165192612093,Lluvia extrema,44.0019,50.6785,44.0019,50.6785,44.0019,50.6785
Cojedes,PaodeSanJuanBautista,VE0905,2025-06-21,106.50460525922428,72.11226666666667,47.69277153848667,33.01793454584618,Lluvia extrema,70.6568,73.0032,70.6568,73.0032,70.6568,73.0032
Zulia,Guajira,VE2315,2025-06-21,108.72880784279144,15.047166666666667,622.5865855772943,69.08738865198109,Lluvia extrema,13.1616,16.2566,13.1616,16.2566,13.1616,16.2566
Portuguesa,SantaRosalía,VE1812,2025-06-21,108.55132247972168,91.79873333333333,18.24925959006153,3.758725072127412,Lluvia extrema,87.7157,97.9722,87.7157,97.9722,87.7157,97.9722
NuevaEsparta,PeninsuladeMacanao,VE1709,2025-06-21,118.57787798270512,17.661866666666665,571.3779478728474,92.70614167768342,Lluvia extrema,16.5551,19.1348,16.5551,19.1348,16.5551,19.1348
Táchira,SanJudasTadeo,VE2029,2025-06-21,89.5183514504267,30.633333333333333,192.22530397310135,75.71850352378131,Lluvia extrema,29.7524,31.6381,29.7524,31.6381,29.7524,31.6381
Anzoátegui,Bruzual,VE0312,2025-06-21,101.39173023024748,44.97603333333333,125.43502108955987,28.145902003398884,Lluvia extrema,42.7719,47.6072,42.7719,47.6072,42.7719,47.6072
Cojedes,EzequielZomora,VE0908,2025-06-21,101.18733470681892,77.13596666666666,31.18048438296911,8.887914881328417,Lluvia extrema,73.3333,79.2775,73.3333,79.2775,73.3333,79.2775
Yaracuy,SanFelipe,VE2211,2025-06-21,98.53311136539511,47.24956666666667,108.53759794353341,14.60131473618591,Lluvia extrema,44.5282,52.1897,44.5282,52.1897,44.5282,52.1897
Mérida,JulioCésarSalas,VE1410,2025-06-21,102.73566745907964,33.53333333333333,206.3687896394025,64.86766318477363,Lluvia extrema,32.0333,34.3667,32.0333,34.3667,32.0333,34.3667
Portuguesa,SanGenarodeBoconoito,VE1810,2025-06-21,103.54106777132282,88.67666666666666,16.762471643787716,5.2751045227225974,Lluvia extrema,86.6317,92.6463,86.6317,92.6463,86.6317,92.6463
Táchira,SanCristóbal,VE2023,2025-06-21,94.43580827172669,69.8537,35.190846400014145,3.7820126861857144,Lluvia extrema,64.1833,78.9167,64.1833,78.9167,64.1833,78.9167
Anzoátegui,Sotillo,VE0308,2025-06-21,97.81924233584974,38.46666666666667,154.29612392335287,42.66544878601993,Lluvia extrema,36.5125,39.575,36.5125,39.575,36.5125,39.575
Anzoátegui,FernandodePeñalver,VE0303,2025-06-21,100.49988283130932,37.218666666666664,170.02547869700507,33.30621715371656,Lluvia extrema,34.8848,39.5212,34.8848,39.5212,34.8848,39.5212
Anzoátegui,Monagas,VE0310,2025-06-21,103.3324249796504,63.9282,61.63825194460412,6.6006584006025895,Lluvia extrema,55.9904,70.3063,55.9904,70.3063,55.9904,70.3063
Aragua,SanSebastián,VE0510,2025-06-21,96.9096539491884,56.4897,71.55278563913136,10.497252916648993,Lluvia extrema,52.2738,61.5548,52.2738,61.5548,52.2738,61.5548
Zulia,JesúsMaríaSemprún,VE2308,2025-06-21,99.47492007368074,91.43403333333333,8.794194510739148,1.7806505176895269,Lluvia extrema,85.1858,95.5976,85.1858,95.5976,85.1858,95.5976
Anzoátegui,Cajigal,VE0309,2025-06-21,100.32300198106526,49.87776666666667,101.13771863829491,29.61119145782995,Lluvia extrema,47.8525,52.0061,47.8525,52.0061,47.8525,52.0061
Zulia,SantaRita,VE2318,2025-06-21,111.2153027963103,20.40713333333333,444.98248715143876,90.31483473767115,Lluvia extrema,19.0262,21.3714,19.0262,21.3714,19.0262,21.3714
Guárico,Infante,VE1205,2025-06-21,96.38968837570448,57.79443333333333,66.78022919572615,8.676477243262985,Lluvia extrema,53.2538,63.8061,53.2538,63.8061,53.2538,63.8061
Trujillo,SanRafaeldeCarvajal,VE2116,2025-06-21,117.43196065495448,19.802766666666667,493.00784901245015,75.71575164033757,Lluvia extrema,18.8083,21.6167,18.8083,21.6167,18.8083,21.6167
Carabobo,SanJoaquín,VE0813,2025-06-21,97.81430630743492,43.6022,124.3334196610146,31.419002457871837,Lluvia extrema,42.1733,46.02,42.1733,46.02,42.1733,46.02
Anzoátegui,SanJuandeCapistrano,VE0316,2025-06-21,95.99921045969865,39.70003333333333,141.81141021636083,26.3792739032908,Lluvia extrema,37.2667,42.4467,37.2667,42.4467,37.2667,42.4467
Vargas,Vargas,VE2401,2025-06-21,102.0824127150178,33.46196666666667,205.06997311878794,34.67097416779507,Lluvia extrema,31.4333,36.1333,31.4333,36.1333,31.4333,36.1333
